{"stat.chestOpened":1,"stat.walkOneCm":39258,"stat.drop.gravestone.death_info":1,"stat.leaveGame":1,"stat.mineBlock.minecraft.cobblestone":60,"stat.mineBlock.minecraft.anvil":1,"stat.craftItem.minecraft.crafting_table":1,"stat.useItem.minecraft.apple":6,"stat.pickup.minecraft.leather_chestplate":1,"stat.mineBlock.srparasites.gore":4,"stat.pickup.minecraft.log":50,"stat.jump":150,"stat.swimOneCm":182,"stat.fallOneCm":3603,"stat.pickup.minecraft.furnace":2,"stat.pickup.minecraft.carrot":63,"stat.useItem.minecraft.stone_axe":10,"stat.crouchOneCm":79,"stat.pickup.minecraft.sapling":1,"stat.pickup.minecraft.dirt":5,"stat.sprintOneCm":31221,"stat.pickup.minecraft.wooden_door":1,"stat.useItem.minecraft.stone_slab2":5,"stat.useItem.iceandfire.troll_weapon.column_forest":2,"stat.craftItem.minecraft.stick":8,"stat.craftingTableInteraction":4,"stat.craftItem.minecraft.planks":12,"stat.craftItem.minecraft.stone_axe":1,"stat.pickup.minecraft.anvil":1,"stat.damageTaken":491,"stat.mineBlock.minecraft.red_flower":1,"stat.craftItem.minecraft.stone_pickaxe":1,"stat.mineBlock.minecraft.furnace":2,"stat.useItem.minecraft.wooden_pickaxe":59,"stat.pickup.minecraft.cobblestone":60,"stat.mobKills":1,"stat.pickup.minecraft.book":6,"stat.mineBlock.minecraft.log":49,"stat.mineBlock.minecraft.bookshelf":3,"stat.useItem.spartanweaponry.staff_iron":28,"stat.pickup.minecraft.reeds":9,"stat.drop.spartanweaponry.staff_iron":1,"stat.flyOneCm":30264,"stat.deaths":1,"stat.pickup.minecraft.brown_mushroom":1,"stat.pickup.minecraft.wheat_seeds":6,"stat.drop":4,"stat.mineBlock.minecraft.leaves":1,"stat.pickup.minecraft.potato":69,"stat.playOneMinute":13131,"stat.drop.minecraft.wheat_seeds":2,"stat.useItem.minecraft.stone_pickaxe":3,"stat.pickup.iceandfire.troll_weapon.column_forest":1,"stat.sneakTime":22,"stat.damageDealt":646,"stat.timeSinceDeath":1183,"stat.craftItem.minecraft.wooden_pickaxe":1,"stat.mineBlock.minecraft.tallgrass":11,"stat.pickup.minecraft.wheat":3}