{"stat.useItem.minecraft.bow":28,"stat.entityKilledBy.stymphalianbird":3,"stat.leaveGame":6,"stat.pickup.nocubessrpnests.wormtoothblade":4,"stat.useItem.minecraft.planks":19,"stat.pickup.minecraft.porkchop":49,"stat.mineBlock.gravestone.gravestone":6,"stat.pickup.iceandfire.stymphalian_bird_feather":44,"stat.pickup.minecraft.rotten_flesh":10,"stat.craftItem.minecraft.stone_axe":3,"stat.mineBlock.nocubessrpnests.nestegg":3,"stat.pickup.minecraft.brown_mushroom":1,"stat.pickup.quark.tallow":13,"stat.useItem.minecraft.iron_pickaxe":250,"stat.pickup.minecraft.stained_hardened_clay":7,"stat.craftItem.minecraft.wooden_pickaxe":1,"stat.pickup.minecraft.double_plant":1,"stat.drop.gravestone.death_info":7,"stat.craftItem.nocubessrpnests.wormtoothpickaxe":1,"stat.mineBlock.minecraft.vine":1,"stat.furnaceInteraction":3,"stat.pickup.srparasites.lurecomponent1":50,"stat.pickup.minecraft.beef":139,"stat.mineBlock.minecraft.stained_hardened_clay":12,"stat.killEntity.Horse":4,"stat.craftItem.quark.arrow_torch":17,"stat.craftItem.quark.arrow_explosive":1,"stat.pickup.minecraft.saddle":3,"stat.pickup.iceandfire.stymphalian_bird_dagger":4,"stat.pickup.charm.totem_of_shielding":1,"stat.deaths":8,"stat.pickup.minecraft.egg":4,"stat.playOneMinute":106136,"stat.craftItem.minecraft.iron_pickaxe":1,"stat.mineBlock.nocubessrpnests.fleshwormteeth":36,"stat.mineBlock.minecraft.tallgrass":65,"stat.craftItem.futuremc.smoker":2,"stat.pickup.minecraft.arrow":35,"stat.useItem.quark.frog_leg":1,"stat.fallOneCm":39843,"stat.pickup.minecraft.carrot":57,"stat.crouchOneCm":11445,"stat.craftItem.minecraft.iron_ingot":3,"stat.craftingTableInteraction":29,"stat.mineBlock.quark.limestone":1,"stat.pickup.minecraft.feather":98,"stat.craftItem.buildcrafttransport.waterproof":73,"stat.useItem.futuremc.smoker":1,"stat.pickup.minecraft.slime":70,"stat.pickup.minecraft.dye":92,"stat.pickup.minecraft.planks":4,"stat.pickup.minecraft.wheat_seeds":5,"stat.mineBlock.minecraft.gravel":229,"stat.useItem.minecraft.stone_pickaxe":271,"stat.mineBlock.minecraft.dirt":38,"stat.useItem.minecraft.torch":74,"stat.pickup.minecraft.iron_nugget":3,"stat.useItem.minecraft.cobblestone":140,"stat.craftItem.minecraft.crafting_table":15,"stat.mineBlock.minecraft.double_plant":1,"stat.craftItem.iceandfire.stymphalian_bird_dagger":1,"stat.pickup.minecraft.log":368,"stat.craftItem.usefulbackpacks.backpack":1,"stat.drop.minecraft.sapling":1,"stat.pickup.minecraft.chicken":43,"stat.pickup.buildcrafttransport.waterproof":146,"stat.pickup.minecraft.sapling":11,"stat.pickup.minecraft.apple":6,"stat.craftItem.spartanshields.shield_tower_wood":1,"stat.craftItem.minecraft.planks":284,"stat.craftItem.iceandfire.stymphalian_feather_bundle":2,"stat.pickup.quark.frog_leg":1,"stat.mineBlock.minecraft.log":131,"stat.mineBlock.minecraft.waterlily":2,"stat.pickup.charm.bat_bucket":2,"stat.sneakTime":7066,"stat.pickup.minecraft.wool":8,"stat.useItem.minecraft.wooden_axe":46,"stat.pickup.minecraft.bone":10,"stat.mineBlock.quark.variant_leaves":3,"stat.mineBlock.minecraft.cobblestone":24,"stat.mineBlock.minecraft.slime":28,"stat.pickup.minecraft.stone_pickaxe":2,"stat.pickup.minecraft.flint":35,"stat.entityKilledBy.Witch":1,"stat.mineBlock.srparasites.gore":17,"stat.mineBlock.minecraft.brown_mushroom":1,"stat.mineBlock.charm.crate_sealed":4,"stat.swimOneCm":42525,"stat.drop.minecraft.saddle":1,"stat.climbOneCm":2844,"stat.mineBlock.quark.roots":1,"stat.drop.minecraft.brown_mushroom":1,"stat.craftItem.minecraft.arrow":60,"stat.useItem.minecraft.dirt":27,"stat.useItem.minecraft.stone_slab2":31,"stat.pickup.minecraft.bow":2,"stat.pickup.quark.arrow_torch":13,"stat.craftItem.minecraft.furnace":3,"stat.useItem.minecraft.egg":4,"stat.craftItem.minecraft.stone_pickaxe":2,"stat.craftItem.minecraft.cooked_beef":87,"stat.pickup.minecraft.shears":1,"stat.pickup.minecraft.cobblestone":952,"stat.craftItem.minecraft.bow":1,"stat.flyOneCm":408536,"stat.drop.minecraft.wheat_seeds":2,"stat.useItem.minecraft.cooked_beef":18,"stat.pickup.minecraft.redstone":333,"stat.mineBlock.minecraft.iron_ore":66,"stat.useItem.iceandfire.stymphalian_bird_dagger":25,"stat.timeSinceDeath":2678,"stat.craftItem.nocubessrpnests.wormtoothblade":4,"stat.mineBlock.minecraft.coal_ore":100,"stat.killEntity.Creeper":3,"stat.pickup.minecraft.string":39,"stat.craftItem.nocubessrpnests.crateorganicsample":1,"stat.craftItem.minecraft.stone_slab2":0,"stat.killEntity.Squid":1,"stat.sprintOneCm":303338,"stat.pickup.quark.arrow_explosive":1,"stat.craftItem.minecraft.stick":116,"stat.craftItem.minecraft.wooden_axe":1,"stat.mineBlock.minecraft.diamond_ore":7,"stat.pickup.nocubessrpnests.organicsample":6,"stat.craftItem.iceandfire.stymphalian_arrow":8,"stat.useItem.minecraft.diamond_pickaxe":454,"stat.drop":12,"stat.pickup.minecraft.slime_ball":10,"stat.craftItem.minecraft.diamond_pickaxe":1,"stat.killEntity.Zombie":3,"stat.mineBlock.minecraft.gold_ore":22,"stat.diveOneCm":70623,"stat.craftItem.minecraft.slime_ball":63,"stat.pickup.minecraft.gravel":137,"stat.killEntity.Slime":10,"stat.useItem.minecraft.diamond_axe":144,"stat.pickup.minecraft.stone_axe":1,"stat.useItem.minecraft.apple":6,"stat.jump":2105,"stat.pickup.minecraft.coal":162,"stat.pickup.minecraft.iron_ingot":13,"stat.useItem.minecraft.stone_axe":219,"stat.pickup.minecraft.gunpowder":2,"stat.craftItem.minecraft.torch":188,"stat.pickup.minecraft.dirt":42,"stat.craftItem.nocubessrparmory.twistedpart":4,"stat.pickup.nocubessrpnests.wormtooth":60,"stat.pickup.minecraft.iron_ore":186,"stat.useItem.minecraft.sapling":6,"stat.pickup.minecraft.gold_ore":66,"stat.mineBlock.minecraft.lapis_ore":4,"stat.damageTaken":2885,"stat.pickup.minecraft.leather":269,"stat.mineBlock.minecraft.torch":9,"stat.useItem.minecraft.wooden_pickaxe":59,"stat.pickup.srparasites.assimilated_flesh":4,"stat.pickup.minecraft.diamond_axe":3,"stat.damageDealt":17283,"stat.killEntity.Cow":64,"stat.killEntity.Pig":8,"stat.walkOneCm":244345,"stat.pickup.minecraft.stick":63,"stat.pickup.minecraft.diamond_pickaxe":2,"stat.pickup.quark.root_flower":1,"stat.pickup.minecraft.cooked_beef":272,"stat.killEntity.Skeleton":3,"stat.killEntity.Chicken":29,"stat.pickup.nocubessrpnests.wormtoothpickaxe":1,"stat.killEntity.Spider":4,"stat.killEntity.stymphalianbird":1,"stat.mobKills":166,"stat.killEntity.quark:frog":1,"stat.craftItem.minecraft.shears":1,"stat.pickup.minecraft.diamond":7,"stat.mineBlock.minecraft.leaves":191,"stat.pickup.minecraft.torch":251,"stat.mineBlock.minecraft.redstone_ore":24,"stat.pickup.nocubessrparmory.twistedpart":8,"stat.pickup.iceandfire.stymphalian_arrow":8,"stat.mineBlock.minecraft.stone":708}