{"stat.walkOneCm":17798,"stat.useItem.minecraft.sapling":5,"stat.craftItem.minecraft.planks":24,"stat.killEntity.Chicken":4,"stat.craftItem.minecraft.stone_axe":1,"stat.pickup.minecraft.leather":11,"stat.pickup.minecraft.feather":7,"stat.craftItem.minecraft.crafting_table":2,"stat.craftItem.minecraft.stone_pickaxe":1,"stat.useItem.minecraft.wooden_pickaxe":59,"stat.mobKills":20,"stat.pickup.minecraft.cobblestone":60,"stat.mineBlock.minecraft.log":105,"stat.pickup.minecraft.log":105,"stat.flyOneCm":23907,"stat.jump":121,"stat.swimOneCm":804,"stat.mineBlock.minecraft.leaves":131,"stat.playOneMinute":5683,"stat.fallOneCm":2057,"stat.useItem.minecraft.planks":4,"stat.pickup.minecraft.beef":22,"stat.sneakTime":92,"stat.useItem.minecraft.stone_axe":26,"stat.pickup.quark.tallow":6,"stat.damageDealt":2360,"stat.pickup.minecraft.porkchop":7,"stat.crouchOneCm":88,"stat.pickup.minecraft.chicken":4,"stat.timeSinceDeath":5683,"stat.useItem.minecraft.wooden_axe":46,"stat.pickup.minecraft.sapling":7,"stat.killEntity.Cow":11,"stat.sprintOneCm":17702,"stat.useItem.minecraft.stone_slab2":6,"stat.craftItem.minecraft.wooden_pickaxe":1,"stat.mineBlock.minecraft.stone":60,"stat.killEntity.Pig":4,"stat.pickup.minecraft.apple":6,"stat.mineBlock.minecraft.tallgrass":4,"stat.diveOneCm":530,"stat.craftItem.minecraft.stick":8,"stat.craftItem.minecraft.wooden_axe":1,"stat.craftingTableInteraction":4}