{"stat.pickup.minecraft.bone":6,"stat.entityKilledBy.stymphalianbird":3,"stat.leaveGame":2,"stat.mineBlock.quark.variant_leaves":3,"stat.mineBlock.minecraft.cobblestone":21,"stat.mineBlock.minecraft.slime":28,"stat.pickup.minecraft.stone_pickaxe":2,"stat.entityKilledBy.Witch":1,"stat.mineBlock.srparasites.gore":8,"stat.mineBlock.minecraft.brown_mushroom":1,"stat.mineBlock.charm.crate_sealed":4,"stat.swimOneCm":38795,"stat.useItem.minecraft.planks":19,"stat.climbOneCm":2844,"stat.pickup.minecraft.porkchop":21,"stat.mineBlock.quark.roots":1,"stat.mineBlock.gravestone.gravestone":3,"stat.pickup.iceandfire.stymphalian_bird_feather":42,"stat.useItem.minecraft.dirt":27,"stat.useItem.minecraft.stone_slab2":26,"stat.pickup.minecraft.rotten_flesh":1,"stat.craftItem.minecraft.furnace":3,"stat.craftItem.minecraft.stone_axe":3,"stat.craftItem.minecraft.stone_pickaxe":2,"stat.craftItem.minecraft.cooked_beef":87,"stat.pickup.minecraft.cobblestone":728,"stat.flyOneCm":174697,"stat.drop.minecraft.wheat_seeds":1,"stat.useItem.minecraft.cooked_beef":9,"stat.pickup.quark.tallow":6,"stat.pickup.minecraft.redstone":111,"stat.mineBlock.minecraft.iron_ore":66,"stat.useItem.iceandfire.stymphalian_bird_dagger":25,"stat.timeSinceDeath":32462,"stat.craftItem.nocubessrpnests.wormtoothblade":4,"stat.useItem.minecraft.iron_pickaxe":250,"stat.pickup.minecraft.stained_hardened_clay":7,"stat.craftItem.minecraft.wooden_pickaxe":1,"stat.pickup.minecraft.double_plant":1,"stat.drop.gravestone.death_info":3,"stat.mineBlock.minecraft.vine":1,"stat.furnaceInteraction":3,"stat.mineBlock.minecraft.coal_ore":100,"stat.pickup.srparasites.lurecomponent1":20,"stat.killEntity.Creeper":1,"stat.pickup.minecraft.string":17,"stat.pickup.minecraft.beef":107,"stat.craftItem.minecraft.stone_slab2":0,"stat.killEntity.Squid":1,"stat.mineBlock.minecraft.stained_hardened_clay":12,"stat.sprintOneCm":153107,"stat.craftItem.minecraft.stick":84,"stat.craftItem.minecraft.wooden_axe":1,"stat.killEntity.Horse":4,"stat.mineBlock.minecraft.diamond_ore":7,"stat.useItem.minecraft.diamond_pickaxe":445,"stat.pickup.minecraft.saddle":1,"stat.pickup.iceandfire.stymphalian_bird_dagger":2,"stat.pickup.charm.totem_of_shielding":1,"stat.deaths":4,"stat.drop":5,"stat.playOneMinute":71199,"stat.pickup.minecraft.slime_ball":10,"stat.craftItem.minecraft.iron_pickaxe":1,"stat.craftItem.minecraft.diamond_pickaxe":1,"stat.killEntity.Zombie":2,"stat.mineBlock.nocubessrpnests.fleshwormteeth":36,"stat.mineBlock.minecraft.gold_ore":22,"stat.mineBlock.minecraft.tallgrass":46,"stat.diveOneCm":58274,"stat.craftItem.minecraft.slime_ball":63,"stat.craftItem.futuremc.smoker":2,"stat.pickup.minecraft.gravel":3,"stat.pickup.minecraft.arrow":10,"stat.useItem.quark.frog_leg":1,"stat.killEntity.Slime":10,"stat.useItem.minecraft.diamond_axe":46,"stat.pickup.minecraft.stone_axe":1,"stat.useItem.minecraft.apple":6,"stat.jump":1171,"stat.pickup.minecraft.coal":100,"stat.fallOneCm":18153,"stat.pickup.minecraft.iron_ingot":5,"stat.useItem.minecraft.stone_axe":219,"stat.crouchOneCm":9090,"stat.craftItem.minecraft.torch":188,"stat.craftItem.minecraft.iron_ingot":3,"stat.pickup.minecraft.dirt":42,"stat.craftItem.nocubessrparmory.twistedpart":4,"stat.pickup.nocubessrpnests.wormtooth":36,"stat.craftingTableInteraction":21,"stat.pickup.minecraft.iron_ore":66,"stat.useItem.minecraft.sapling":6,"stat.pickup.minecraft.gold_ore":22,"stat.mineBlock.minecraft.lapis_ore":4,"stat.mineBlock.quark.limestone":1,"stat.damageTaken":1451,"stat.pickup.minecraft.feather":31,"stat.pickup.minecraft.leather":142,"stat.craftItem.buildcrafttransport.waterproof":73,"stat.mineBlock.minecraft.torch":9,"stat.useItem.minecraft.wooden_pickaxe":59,"stat.useItem.futuremc.smoker":1,"stat.pickup.minecraft.slime":28,"stat.pickup.minecraft.dye":32,"stat.pickup.minecraft.planks":4,"stat.pickup.minecraft.wheat_seeds":3,"stat.pickup.minecraft.diamond_axe":1,"stat.mineBlock.minecraft.gravel":3,"stat.useItem.minecraft.stone_pickaxe":271,"stat.damageDealt":12875,"stat.killEntity.Cow":51,"stat.mineBlock.minecraft.dirt":37,"stat.killEntity.Pig":4,"stat.walkOneCm":146628,"stat.useItem.minecraft.torch":74,"stat.pickup.minecraft.stick":4,"stat.pickup.minecraft.iron_nugget":3,"stat.useItem.minecraft.cobblestone":131,"stat.craftItem.minecraft.crafting_table":11,"stat.mineBlock.minecraft.double_plant":1,"stat.craftItem.iceandfire.stymphalian_bird_dagger":1,"stat.pickup.minecraft.log":255,"stat.pickup.quark.root_flower":1,"stat.drop.minecraft.sapling":1,"stat.pickup.minecraft.chicken":6,"stat.pickup.minecraft.sapling":10,"stat.pickup.minecraft.apple":6,"stat.pickup.minecraft.cooked_beef":144,"stat.killEntity.Skeleton":2,"stat.craftItem.spartanshields.shield_tower_wood":1,"stat.craftItem.minecraft.planks":252,"stat.craftItem.iceandfire.stymphalian_feather_bundle":2,"stat.killEntity.Chicken":6,"stat.pickup.quark.frog_leg":1,"stat.killEntity.Spider":1,"stat.killEntity.stymphalianbird":1,"stat.mobKills":108,"stat.killEntity.quark:frog":1,"stat.mineBlock.minecraft.log":131,"stat.mineBlock.minecraft.waterlily":2,"stat.pickup.charm.bat_bucket":2,"stat.pickup.minecraft.diamond":7,"stat.mineBlock.minecraft.leaves":133,"stat.pickup.minecraft.torch":14,"stat.mineBlock.minecraft.redstone_ore":24,"stat.sneakTime":4786,"stat.useItem.minecraft.wooden_axe":46,"stat.mineBlock.minecraft.stone":708}