{"stat.useItem.minecraft.bow":187,"stat.craftItem.iceandfire.armor_bronze_chestplate":1,"stat.pickup.iceandfire.fire_dragon_flesh":107,"stat.entityKilledBy.stymphalianbird":3,"stat.leaveGame":18,"stat.useItem.biomesoplenty.flesh":8,"stat.mineBlock.minecraft.sandstone":33,"stat.pickup.nocubessrpnests.wormtoothblade":4,"stat.drop.minecraft.feather":1,"stat.mineBlock.gravestone.gravestone":8,"stat.craftItem.iceandfire.chain_link":4,"stat.pickup.minecraft.rotten_flesh":57,"stat.pickup.iceandfire.armor_bronze_chestplate":1,"stat.craftItem.minecraft.stone_axe":3,"stat.pickup.iceandfire.witherbone":8,"stat.pickup.iceandfire.chared_cobblestone":59,"stat.killEntity.if_cockatrice":8,"stat.pickup.minecraft.brown_mushroom":1,"stat.pickup.quark.tallow":21,"stat.useItem.minecraft.iron_pickaxe":2032,"stat.pickup.minecraft.stained_hardened_clay":7,"stat.killEntity.myrmex_worker":5,"stat.craftItem.minecraft.wooden_pickaxe":1,"stat.mineBlock.quark.stone_andesite_bricks_stairs":1,"stat.pickup.minecraft.double_plant":9,"stat.mineBlock.minecraft.vine":1,"stat.pickup.iceandfire.armor_bronze_leggings":1,"stat.furnaceInteraction":32,"stat.useItem.minecraft.golden_carrot":1,"stat.mineBlock.minecraft.rail":3,"stat.pickup.iceandfire.manuscript":4,"stat.pickup.minecraft.beef":165,"stat.mineBlock.minecraft.stained_hardened_clay":12,"stat.pickup.futuremc.stripped_oak_log":10,"stat.mineBlock.minecraft.fence":3,"stat.useItem.minecraft.flint_and_steel":1,"stat.deaths":9,"stat.pickup.minecraft.egg":4,"stat.mineBlock.minecraft.stone_pressure_plate":2,"stat.craftItem.minecraft.iron_pickaxe":10,"stat.pickup.spartanweaponry.arrow_iron":8,"stat.pickup.minecraft.item_frame":2,"stat.mineBlock.nocubessrpnests.fleshwormteeth":66,"stat.mineBlock.minecraft.tallgrass":105,"stat.chestOpened":192,"stat.pickup.minecraft.arrow":59,"stat.useItem.quark.frog_leg":1,"stat.craftItem.futuremc.netherite_scrap":4,"stat.pickup.minecraft.gold_nugget":2803,"stat.mineBlock.quark.monster_box":1,"stat.pickup.minecraft.carrot":202,"stat.crouchOneCm":24129,"stat.mineBlock.minecraft.chest":5,"stat.pickup.minecraft.rail":15,"stat.craftItem.minecraft.iron_ingot":132,"stat.mineBlock.futuremc.lily_of_the_valley":1,"stat.craftingTableInteraction":94,"stat.pickup.iceandfire.myrmex_desert_resin":30,"stat.pickup.iceandfire.silver_ore":9,"stat.craftItem.buildcrafttransport.waterproof":73,"stat.pickup.minecraft.dye":276,"stat.pickup.minecraft.planks":28,"stat.pickup.minecraft.wheat_seeds":50,"stat.drop.iceandfire.fire_dragon_heart":2,"stat.craftItem.futuremc.netherite_ingot":1,"stat.mineBlock.minecraft.dirt":653,"stat.craftItem.nocubessrparmory.pestilentarmorboots":1,"stat.craftItem.futuremc.smithing_table":1,"stat.mineBlock.iceandfire.silver_ore":9,"stat.useItem.minecraft.cobblestone":689,"stat.useItem.minecraft.gravel":16,"stat.mineBlock.minecraft.double_plant":3,"stat.useItem.minecraft.yellow_flower":3,"stat.craftItem.minecraft.gold_ingot":282,"stat.drop.minecraft.sapling":1,"stat.pickup.minecraft.chicken":91,"stat.pickup.minecraft.apple":7,"stat.pickup.iceandfire.myrmex_stinger":4,"stat.craftItem.minecraft.planks":1112,"stat.craftItem.iceandfire.stymphalian_feather_bundle":2,"stat.pickup.futuremc.cornflower":2,"stat.pickup.iceandfire.dragonscales_green":52,"stat.pickup.minecraft.book":76,"stat.useItem.minecraft.stonebrick":5,"stat.mineBlock.minecraft.log":600,"stat.mineBlock.minecraft.waterlily":2,"stat.pickup.charm.bat_bucket":2,"stat.pickup.iceandfire.dragonbone":179,"stat.useItem.nocubessrpnests.neststonelight":1,"stat.pickup.minecraft.wool":35,"stat.useItem.minecraft.wooden_axe":46,"stat.craftItem.iceandfire.armor_bronze_boots":1,"stat.mineBlock.minecraft.cobblestone":173,"stat.pickup.minecraft.stone_pickaxe":2,"stat.pickup.minecraft.flint":145,"stat.mineBlock.iceandfire.chared_stone":5,"stat.entityKilledBy.Witch":1,"stat.mineBlock.srparasites.gore":31,"stat.drop.minecraft.saddle":1,"stat.pickup.minecraft.enchanted_book":1,"stat.craftItem.minecraft.arrow":232,"stat.useItem.minecraft.obsidian":11,"stat.useItem.minecraft.stone_slab2":108,"stat.pickup.minecraft.bow":4,"stat.pickup.quark.arrow_torch":32,"stat.killEntity.deathworm":10,"stat.craftItem.minecraft.furnace":13,"stat.useItem.minecraft.egg":4,"stat.craftItem.minecraft.cooked_beef":125,"stat.mineBlock.minecraft.obsidian":11,"stat.pickup.minecraft.shears":2,"stat.craftItem.minecraft.bow":1,"stat.pickup.futuremc.sweet_berries":3,"stat.flyOneCm":1704023,"stat.drop.minecraft.iron_helmet":1,"stat.pickup.minecraft.sandstone":31,"stat.drop.quark.rune":1,"stat.useItem.iceandfire.iceandfire.deathworm_egg":1,"stat.pickup.iceandfire.fire_lily":1,"stat.useItem.iceandfire.stymphalian_bird_dagger":25,"stat.timeSinceDeath":216821,"stat.craftItem.nocubessrpnests.wormtoothblade":6,"stat.pickup.futuremc.smoker":2,"stat.craftItem.minecraft.iron_block":10,"stat.mineBlock.minecraft.coal_ore":574,"stat.killEntity.Creeper":3,"stat.pickup.minecraft.string":40,"stat.craftItem.nocubessrpnests.crateorganicsample":1,"stat.killEntity.Squid":5,"stat.sprintOneCm":1193278,"stat.mineBlock.minecraft.stone_slab":1,"stat.craftItem.minecraft.wooden_axe":1,"stat.pickup.minecraft.bone_block":57,"stat.mineBlock.minecraft.diamond_ore":47,"stat.pickup.nocubessrpnests.organicsample":27,"stat.craftItem.iceandfire.armor_gray_helmet":1,"stat.killEntity.Zombie":3,"stat.pickup.iceandfire.deathworm_tounge":2,"stat.pickup.iceandfire.chared_dirt":2,"stat.mineBlock.minecraft.gold_ore":56,"stat.diveOneCm":162929,"stat.craftItem.minecraft.slime_ball":63,"stat.pickup.minecraft.wheat":10,"stat.mineBlock.minecraft.mossy_cobblestone":2,"stat.pickup.iceandfire.dragonscales_bronze":148,"stat.pickup.quark.stone_andesite_bricks_stairs":1,"stat.pickup.minecraft.stone_axe":1,"stat.pickup.minecraft.obsidian":17,"stat.craftItem.minecraft.diamond_sword":1,"stat.jump":9161,"stat.useItem.minecraft.sand":17,"stat.pickup.minecraft.coal":626,"stat.pickup.minecraft.iron_ingot":18,"stat.pickup.iceandfire.chared_gravel":4,"stat.pickup.minecraft.gunpowder":2,"stat.pickup.iceandfire.chared_stone":19,"stat.craftItem.minecraft.torch":316,"stat.pickup.minecraft.dirt":609,"stat.pickup.nocubessrpnests.wormtooth":90,"stat.craftItem.iceandfire.armor_bronze_leggings":1,"stat.pickup.iceandfire.fire_dragon_heart":15,"stat.useItem.minecraft.sapling":10,"stat.pickup.minecraft.gold_ore":103,"stat.mineBlock.minecraft.lapis_ore":29,"stat.pickup.iceandfire.iceandfire.deathworm_egg":3,"stat.mineBlock.minecraft.glass_pane":1,"stat.damageTaken":8108,"stat.mineBlock.minecraft.torch":25,"stat.pickup.srparasites.assimilated_flesh":9,"stat.pickup.minecraft.log2":5,"stat.pickup.minecraft.bed":3,"stat.killEntity.hippogryph":7,"stat.pickup.minecraft.potato":181,"stat.pickup.minecraft.diamond_axe":5,"stat.pickup.minecraft.diamond_pickaxe":3,"stat.pickup.nocubessrparmory.overlordcore":50,"stat.mineBlock.futuremc.smoker":2,"stat.pickup.minecraft.cooked_beef":452,"stat.useItem.minecraft.netherrack":5,"stat.craftItem.minecraft.bookshelf":17,"stat.mineBlock.minecraft.stonebrick":17,"stat.killEntity.stymphalianbird":1,"stat.mobKills":289,"stat.mineBlock.minecraft.bookshelf":25,"stat.craftItem.minecraft.shears":1,"stat.useItem.minecraft.boat":2,"stat.pickup.minecraft.diamond":51,"stat.pickup.minecraft.torch":448,"stat.craftItem.quark.world_stone_bricks":36,"stat.killEntity.firedragon":15,"stat.pickup.futuremc.ancient_debris":5,"stat.craftItem.spartanshields.shield_tower_iron":1,"stat.useItem.iceandfire.fire_dragon_flesh":1,"stat.useItem.minecraft.bookshelf":16,"stat.useItem.minecraft.planks":38,"stat.craftItem.iceandfire.armor_bronze_helmet":1,"stat.pickup.minecraft.porkchop":56,"stat.pickup.iceandfire.stymphalian_bird_feather":44,"stat.pickup.spartanweaponry.quiver_arrow":1,"stat.mineBlock.minecraft.stone_brick_stairs":1,"stat.pickup.minecraft.sand":37,"stat.mineBlock.nocubessrpnests.nestegg":19,"stat.mineBlock.minecraft.sand":5,"stat.pickup.iceandfire.ash":1,"stat.pickup.quark.rune":1,"stat.pickup.quark.marble":13,"stat.mineBlock.futuremc.stripped_oak_log":10,"stat.craftItem.nocubessrpnests.wormtoothmachete":1,"stat.craftItem.quark.stone_andesite_bricks_slab":6,"stat.drop.gravestone.death_info":8,"stat.craftItem.nocubessrpnests.wormtoothpickaxe":1,"stat.craftItem.minecraft.golden_carrot":108,"stat.pickup.iceandfire.dragon_skull":18,"stat.pickup.srparasites.lurecomponent1":51,"stat.pickup.minecraft.furnace":1,"stat.drop.iceandfire.dragon_skull":1,"stat.pickup.minecraft.skull":3,"stat.killEntity.Horse":17,"stat.pickup.nocubessrpnests.neststonelight":2,"stat.pickup.futuremc.lily_of_the_valley":1,"stat.craftItem.quark.arrow_torch":17,"stat.pickup.minecraft.golden_carrot":63,"stat.pickup.minecraft.pumpkin_seeds":3,"stat.craftItem.quark.arrow_explosive":1,"stat.pickup.minecraft.saddle":3,"stat.mineBlock.minecraft.soul_sand":1,"stat.pickup.iceandfire.stymphalian_bird_dagger":4,"stat.pickup.charm.totem_of_shielding":1,"stat.mineBlock.minecraft.oak_stairs":3,"stat.playOneMinute":486843,"stat.pickup.minecraft.netherrack":1016,"stat.craftItem.futuremc.smoker":2,"stat.pickup.iceandfire.myrmex_desert_chitin":21,"stat.mineBlock.minecraft.netherrack":3197,"stat.killEntity.myrmex_royal":2,"stat.mineBlock.iceandfire.fire_lily":1,"stat.craftItem.minecraft.iron_nugget":18,"stat.useItem.minecraft.experience_bottle":5,"stat.fallOneCm":219544,"stat.useItem.iceandfire.chared_gravel":3,"stat.useItem.nocubessrpnests.wormtoothmachete":427,"stat.useItem.quark.stone_andesite_bricks_slab":1,"stat.craftItem.spartanweaponry.arrow_iron":8,"stat.craftItem.iceandfire.armor_gray_leggings":1,"stat.mineBlock.quark.limestone":29,"stat.pickup.minecraft.feather":182,"stat.useItem.futuremc.smoker":2,"stat.useItem.minecraft.furnace":7,"stat.pickup.minecraft.slime":91,"stat.pickup.iceandfire.dragonscales_red":48,"stat.mineBlock.minecraft.gravel":1357,"stat.useItem.minecraft.stone_pickaxe":271,"stat.craftItem.iceandfire.armor_gray_boots":1,"stat.useItem.minecraft.torch":326,"stat.pickup.minecraft.iron_nugget":3,"stat.craftItem.minecraft.redstone_block":40,"stat.useItem.minecraft.log":4,"stat.pickup.minecraft.crafting_table":2,"stat.craftItem.minecraft.crafting_table":28,"stat.mineBlock.nocubessrpnests.neststonelight":3,"stat.craftItem.iceandfire.stymphalian_bird_dagger":1,"stat.craftItem.minecraft.boat":2,"stat.mineBlock.quark.stone_speleothem":7,"stat.pickup.minecraft.log":892,"stat.pickup.usefulbackpacks.backpack":2,"stat.craftItem.usefulbackpacks.backpack":3,"stat.useItem.quark.world_stone_bricks":3,"stat.pickup.buildcrafttransport.waterproof":146,"stat.pickup.minecraft.sapling":38,"stat.pickup.minecraft.wooden_door":1,"stat.pickup.iceandfire.dragonscales_gray":68,"stat.mineBlock.overlast.red_leaves":274,"stat.craftItem.iceandfire.dragonscale_bronze":6,"stat.craftItem.spartanshields.shield_tower_wood":2,"stat.mineBlock.iceandfire.goldpile":533,"stat.pickup.quark.frog_leg":1,"stat.pickup.quark.root":3,"stat.mineBlock.futuremc.ancient_debris":5,"stat.craftItem.minecraft.cooked_chicken":36,"stat.sneakTime":12713,"stat.pickup.minecraft.rabbit":1,"stat.useItem.futuremc.stripped_oak_log":3,"stat.drop.minecraft.yellow_flower":2,"stat.pickup.minecraft.yellow_flower":7,"stat.useItem.quark.stone_andesite_bricks_stairs":8,"stat.pickup.minecraft.bone":31,"stat.pickup.minecraft.stone_pressure_plate":2,"stat.pickup.iceandfire.armor_bronze_helmet":1,"stat.killEntity.myrmex_sentinel":1,"stat.mineBlock.quark.variant_leaves":3,"stat.mineBlock.minecraft.slime":28,"stat.mineBlock.minecraft.brown_mushroom":1,"stat.pickup.iceandfire.deathworm_chitin":37,"stat.craftItem.iceandfire.deathworm_gauntlet_red":1,"stat.mineBlock.charm.crate_sealed":6,"stat.useItem.spartanweaponry.greatsword_iron":110,"stat.swimOneCm":109001,"stat.climbOneCm":3802,"stat.craftItem.minecraft.gold_block":25,"stat.mineBlock.quark.roots":2,"stat.drop.minecraft.brown_mushroom":1,"stat.useItem.minecraft.dirt":126,"stat.craftItem.iceandfire.dragonbone_bow":1,"stat.pickup.minecraft.anvil":4,"stat.craftItem.minecraft.stone_pickaxe":2,"stat.pickup.minecraft.cobblestone":3675,"stat.craftItem.minecraft.glass_bottle":3,"stat.pickup.minecraft.soul_sand":1,"stat.drop.minecraft.wheat_seeds":2,"stat.mineBlock.charm.nether_gold_deposit":74,"stat.useItem.minecraft.cooked_beef":33,"stat.useItem.nocubessrpnests.wormtoothpickaxe":5340,"stat.pickup.minecraft.redstone":802,"stat.mineBlock.minecraft.iron_ore":149,"stat.pickup.iceandfire.armor_bronze_boots":1,"stat.pickup.minecraft.mutton":10,"stat.pickup.minecraft.mossy_cobblestone":3,"stat.pickup.minecraft.stonebrick":21,"stat.drop.minecraft.dirt":5,"stat.craftItem.minecraft.stone_slab2":0,"stat.craftItem.quark.stone_andesite_bricks_stairs":40,"stat.pickup.minecraft.paper":1,"stat.pickup.quark.arrow_explosive":2,"stat.craftItem.minecraft.stick":448,"stat.craftItem.minecraft.gold_nugget":396,"stat.craftItem.minecraft.stone":36,"stat.pickup.minecraft.grass":1,"stat.killEntity.myrmex_soldier":2,"stat.mineBlock.minecraft.crafting_table":1,"stat.craftItem.iceandfire.stymphalian_arrow":60,"stat.useItem.minecraft.diamond_pickaxe":3478,"stat.craftItem.iceandfire.armor_gray_chestplate":1,"stat.mineBlock.quark.world_stone_bricks":1,"stat.mineBlock.minecraft.planks":19,"stat.drop":29,"stat.killEntity.Sheep":4,"stat.useItem.iceandfire.chared_cobblestone":35,"stat.pickup.minecraft.slime_ball":10,"stat.craftItem.minecraft.diamond_pickaxe":3,"stat.pickup.minecraft.gravel":1107,"stat.craftItem.quark.polished_netherrack":160,"stat.killEntity.Slime":10,"stat.useItem.minecraft.diamond_axe":1504,"stat.mineBlock.minecraft.anvil":3,"stat.useItem.minecraft.apple":6,"stat.pickup.minecraft.stone_brick_stairs":4,"stat.pickup.minecraft.fence":6,"stat.pickup.minecraft.iron_helmet":1,"stat.useItem.minecraft.stone_axe":219,"stat.craftItem.iceandfire.chain":1,"stat.craftItem.nocubessrparmory.twistedpart":4,"stat.pickup.minecraft.experience_bottle":3,"stat.pickup.minecraft.iron_ore":247,"stat.boatOneCm":357873,"stat.craftItem.minecraft.flint_and_steel":1,"stat.pickup.minecraft.leather":323,"stat.mineBlock.minecraft.furnace":1,"stat.useItem.minecraft.wooden_pickaxe":59,"stat.mineBlock.iceandfire.chared_cobblestone":5,"stat.pickup.minecraft.reeds":24,"stat.pickup.minecraft.oak_stairs":6,"stat.craftItem.spartanweaponry.quiver_arrow":1,"stat.damageDealt":76110,"stat.craftItem.minecraft.glass":3,"stat.sleepInBed":2,"stat.craftItem.minecraft.anvil":1,"stat.killEntity.Cow":76,"stat.killEntity.Pig":12,"stat.walkOneCm":1157606,"stat.pickup.minecraft.stick":146,"stat.pickup.minecraft.clay_ball":64,"stat.pickup.quark.root_flower":6,"stat.drop.minecraft.iron_chestplate":1,"stat.pickup.minecraft.stone":42,"stat.pickup.biomesoplenty.fleshchunk":598,"stat.pickup.minecraft.gold_ingot":25,"stat.killEntity.Skeleton":4,"stat.craftItem.biomesoplenty.flesh":64,"stat.killEntity.Chicken":38,"stat.pickup.nocubessrpnests.wormtoothpickaxe":3,"stat.killEntity.Spider":4,"stat.mineBlock.minecraft.quartz_ore":82,"stat.mineBlock.biomesoplenty.flesh":28214,"stat.craftItem.nocubessrparmory.pestilentpart":4,"stat.pickup.quark.world_stone_bricks":1,"stat.drop.minecraft.filled_map":2,"stat.killEntity.quark:frog":1,"stat.pickup.minecraft.quartz":65,"stat.mineBlock.minecraft.leaves":251,"stat.mineBlock.minecraft.redstone_ore":185,"stat.craftItem.minecraft.coal_block":20,"stat.pickup.nocubessrparmory.twistedpart":8,"stat.mineBlock.minecraft.bone_block":61,"stat.pickup.iceandfire.stymphalian_arrow":16,"stat.mineBlock.minecraft.stone":5819,"stat.useItem.minecraft.sandstone":5}