{"stat.pickup.minecraft.double_plant":1,"stat.walkOneCm":59426,"stat.pickup.minecraft.bone":1,"stat.craftItem.futuremc.smoker":2,"stat.pickup.minecraft.iron_nugget":1,"stat.pickup.minecraft.arrow":2,"stat.mineBlock.minecraft.cobblestone":3,"stat.useItem.minecraft.cobblestone":35,"stat.craftItem.minecraft.crafting_table":4,"stat.mineBlock.minecraft.double_plant":1,"stat.useItem.minecraft.apple":6,"stat.craftItem.iceandfire.stymphalian_bird_dagger":1,"stat.mineBlock.srparasites.gore":8,"stat.pickup.srparasites.lurecomponent1":3,"stat.killEntity.Creeper":1,"stat.pickup.minecraft.log":105,"stat.swimOneCm":1286,"stat.jump":394,"stat.fallOneCm":6564,"stat.useItem.minecraft.planks":14,"stat.pickup.minecraft.beef":107,"stat.useItem.minecraft.stone_axe":158,"stat.craftItem.minecraft.stone_slab2":0,"stat.pickup.minecraft.porkchop":7,"stat.crouchOneCm":3744,"stat.pickup.minecraft.chicken":6,"stat.pickup.minecraft.sapling":7,"stat.pickup.iceandfire.stymphalian_bird_feather":6,"stat.pickup.minecraft.dirt":14,"stat.useItem.minecraft.dirt":13,"stat.sprintOneCm":62514,"stat.useItem.minecraft.stone_slab2":11,"stat.pickup.minecraft.apple":6,"stat.craftItem.minecraft.stick":12,"stat.craftItem.minecraft.wooden_axe":1,"stat.craftingTableInteraction":11,"stat.killEntity.Skeleton":1,"stat.craftItem.minecraft.furnace":2,"stat.useItem.minecraft.sapling":5,"stat.killEntity.Horse":4,"stat.craftItem.minecraft.planks":132,"stat.killEntity.Chicken":6,"stat.craftItem.minecraft.stone_axe":2,"stat.pickup.minecraft.leather":48,"stat.pickup.minecraft.feather":10,"stat.damageTaken":265,"stat.craftItem.minecraft.stone_pickaxe":1,"stat.useItem.minecraft.wooden_pickaxe":59,"stat.killEntity.stymphalianbird":1,"stat.useItem.futuremc.smoker":1,"stat.craftItem.minecraft.cooked_beef":51,"stat.mobKills":74,"stat.pickup.minecraft.cobblestone":63,"stat.mineBlock.minecraft.log":105,"stat.flyOneCm":78774,"stat.pickup.minecraft.wheat_seeds":3,"stat.drop":1,"stat.mineBlock.minecraft.leaves":133,"stat.playOneMinute":23683,"stat.drop.minecraft.wheat_seeds":1,"stat.useItem.minecraft.stone_pickaxe":3,"stat.useItem.minecraft.cooked_beef":2,"stat.sneakTime":2448,"stat.pickup.quark.tallow":6,"stat.damageDealt":9321,"stat.useItem.iceandfire.stymphalian_bird_dagger":1,"stat.timeSinceDeath":23683,"stat.useItem.minecraft.wooden_axe":46,"stat.killEntity.Cow":51,"stat.craftItem.minecraft.wooden_pickaxe":1,"stat.mineBlock.minecraft.stone":60,"stat.killEntity.Pig":4,"stat.mineBlock.minecraft.tallgrass":32,"stat.diveOneCm":3108}