{"stat.useItem.minecraft.bow":117,"stat.craftItem.iceandfire.armor_bronze_chestplate":1,"stat.useItem.iceandfire.fire_dragon_flesh":1,"stat.pickup.iceandfire.fire_dragon_flesh":59,"stat.entityKilledBy.stymphalianbird":3,"stat.leaveGame":11,"stat.useItem.minecraft.bookshelf":16,"stat.useItem.biomesoplenty.flesh":8,"stat.pickup.nocubessrpnests.wormtoothblade":4,"stat.useItem.minecraft.planks":30,"stat.craftItem.iceandfire.armor_bronze_helmet":1,"stat.pickup.minecraft.porkchop":49,"stat.mineBlock.gravestone.gravestone":8,"stat.pickup.iceandfire.stymphalian_bird_feather":44,"stat.pickup.spartanweaponry.quiver_arrow":1,"stat.pickup.minecraft.rotten_flesh":10,"stat.pickup.minecraft.sand":3,"stat.pickup.iceandfire.armor_bronze_chestplate":1,"stat.craftItem.minecraft.stone_axe":3,"stat.mineBlock.nocubessrpnests.nestegg":16,"stat.pickup.iceandfire.chared_cobblestone":20,"stat.pickup.minecraft.brown_mushroom":1,"stat.mineBlock.minecraft.sand":3,"stat.pickup.iceandfire.ash":1,"stat.mineBlock.futuremc.stripped_oak_log":10,"stat.pickup.quark.tallow":13,"stat.useItem.minecraft.iron_pickaxe":2000,"stat.pickup.minecraft.stained_hardened_clay":7,"stat.craftItem.minecraft.wooden_pickaxe":1,"stat.mineBlock.quark.stone_andesite_bricks_stairs":1,"stat.craftItem.nocubessrpnests.wormtoothmachete":1,"stat.pickup.minecraft.double_plant":8,"stat.craftItem.quark.stone_andesite_bricks_slab":6,"stat.drop.gravestone.death_info":8,"stat.craftItem.nocubessrpnests.wormtoothpickaxe":1,"stat.mineBlock.minecraft.vine":1,"stat.pickup.iceandfire.armor_bronze_leggings":1,"stat.craftItem.minecraft.golden_carrot":108,"stat.furnaceInteraction":32,"stat.useItem.minecraft.golden_carrot":1,"stat.mineBlock.minecraft.rail":3,"stat.pickup.iceandfire.dragon_skull":5,"stat.pickup.srparasites.lurecomponent1":51,"stat.pickup.minecraft.beef":161,"stat.pickup.minecraft.furnace":1,"stat.mineBlock.minecraft.stained_hardened_clay":12,"stat.pickup.futuremc.stripped_oak_log":10,"stat.pickup.minecraft.skull":3,"stat.killEntity.Horse":17,"stat.pickup.nocubessrpnests.neststonelight":2,"stat.mineBlock.minecraft.fence":3,"stat.useItem.minecraft.flint_and_steel":1,"stat.craftItem.quark.arrow_torch":17,"stat.pickup.minecraft.golden_carrot":63,"stat.pickup.minecraft.pumpkin_seeds":3,"stat.craftItem.quark.arrow_explosive":1,"stat.pickup.minecraft.saddle":3,"stat.mineBlock.minecraft.soul_sand":1,"stat.pickup.iceandfire.stymphalian_bird_dagger":4,"stat.pickup.charm.totem_of_shielding":1,"stat.mineBlock.minecraft.oak_stairs":3,"stat.deaths":9,"stat.pickup.minecraft.egg":4,"stat.playOneMinute":350114,"stat.craftItem.minecraft.iron_pickaxe":10,"stat.pickup.spartanweaponry.arrow_iron":8,"stat.pickup.minecraft.item_frame":2,"stat.mineBlock.nocubessrpnests.fleshwormteeth":36,"stat.mineBlock.minecraft.tallgrass":83,"stat.pickup.minecraft.netherrack":1016,"stat.chestOpened":129,"stat.craftItem.futuremc.smoker":2,"stat.mineBlock.minecraft.netherrack":3197,"stat.pickup.minecraft.arrow":59,"stat.useItem.quark.frog_leg":1,"stat.craftItem.futuremc.netherite_scrap":4,"stat.pickup.minecraft.gold_nugget":1454,"stat.fallOneCm":117197,"stat.mineBlock.quark.monster_box":1,"stat.pickup.minecraft.carrot":179,"stat.crouchOneCm":21040,"stat.mineBlock.minecraft.chest":5,"stat.pickup.minecraft.rail":15,"stat.craftItem.minecraft.iron_ingot":132,"stat.useItem.quark.stone_andesite_bricks_slab":1,"stat.craftingTableInteraction":86,"stat.craftItem.spartanweaponry.arrow_iron":8,"stat.pickup.iceandfire.silver_ore":9,"stat.craftItem.iceandfire.armor_gray_leggings":1,"stat.mineBlock.quark.limestone":29,"stat.pickup.minecraft.feather":143,"stat.craftItem.buildcrafttransport.waterproof":73,"stat.useItem.futuremc.smoker":2,"stat.useItem.minecraft.furnace":7,"stat.pickup.minecraft.slime":91,"stat.pickup.iceandfire.dragonscales_red":12,"stat.pickup.minecraft.dye":272,"stat.pickup.minecraft.planks":26,"stat.pickup.minecraft.wheat_seeds":30,"stat.mineBlock.minecraft.gravel":1350,"stat.useItem.minecraft.stone_pickaxe":271,"stat.craftItem.iceandfire.armor_gray_boots":1,"stat.craftItem.futuremc.netherite_ingot":1,"stat.mineBlock.minecraft.dirt":379,"stat.craftItem.nocubessrparmory.pestilentarmorboots":1,"stat.craftItem.futuremc.smithing_table":1,"stat.useItem.minecraft.torch":279,"stat.pickup.minecraft.iron_nugget":3,"stat.craftItem.minecraft.redstone_block":40,"stat.mineBlock.iceandfire.silver_ore":9,"stat.useItem.minecraft.log":4,"stat.pickup.minecraft.crafting_table":2,"stat.useItem.minecraft.cobblestone":626,"stat.craftItem.minecraft.crafting_table":25,"stat.mineBlock.nocubessrpnests.neststonelight":2,"stat.useItem.minecraft.gravel":16,"stat.mineBlock.minecraft.double_plant":2,"stat.craftItem.iceandfire.stymphalian_bird_dagger":1,"stat.craftItem.minecraft.boat":1,"stat.mineBlock.quark.stone_speleothem":7,"stat.pickup.minecraft.log":817,"stat.pickup.usefulbackpacks.backpack":2,"stat.craftItem.usefulbackpacks.backpack":3,"stat.craftItem.minecraft.gold_ingot":118,"stat.useItem.quark.world_stone_bricks":3,"stat.drop.minecraft.sapling":1,"stat.pickup.minecraft.chicken":73,"stat.pickup.buildcrafttransport.waterproof":146,"stat.pickup.minecraft.sapling":21,"stat.pickup.minecraft.wooden_door":1,"stat.pickup.iceandfire.dragonscales_gray":29,"stat.pickup.minecraft.apple":6,"stat.mineBlock.overlast.red_leaves":228,"stat.craftItem.spartanshields.shield_tower_wood":2,"stat.mineBlock.iceandfire.goldpile":264,"stat.craftItem.minecraft.planks":1104,"stat.craftItem.iceandfire.stymphalian_feather_bundle":2,"stat.pickup.futuremc.cornflower":1,"stat.pickup.quark.frog_leg":1,"stat.pickup.minecraft.book":24,"stat.useItem.minecraft.stonebrick":5,"stat.mineBlock.minecraft.log":526,"stat.mineBlock.futuremc.ancient_debris":5,"stat.mineBlock.minecraft.waterlily":2,"stat.craftItem.minecraft.cooked_chicken":36,"stat.pickup.charm.bat_bucket":2,"stat.pickup.iceandfire.dragonbone":56,"stat.useItem.nocubessrpnests.neststonelight":1,"stat.sneakTime":9709,"stat.pickup.minecraft.wool":29,"stat.useItem.futuremc.stripped_oak_log":3,"stat.useItem.minecraft.wooden_axe":46,"stat.drop.minecraft.yellow_flower":2,"stat.pickup.minecraft.yellow_flower":2,"stat.craftItem.iceandfire.armor_bronze_boots":1,"stat.useItem.quark.stone_andesite_bricks_stairs":8,"stat.pickup.minecraft.bone":12,"stat.pickup.iceandfire.armor_bronze_helmet":1,"stat.mineBlock.quark.variant_leaves":3,"stat.mineBlock.minecraft.cobblestone":173,"stat.mineBlock.minecraft.slime":28,"stat.pickup.minecraft.stone_pickaxe":2,"stat.pickup.minecraft.flint":144,"stat.entityKilledBy.Witch":1,"stat.mineBlock.srparasites.gore":31,"stat.mineBlock.minecraft.brown_mushroom":1,"stat.mineBlock.charm.crate_sealed":4,"stat.swimOneCm":79503,"stat.drop.minecraft.saddle":1,"stat.climbOneCm":3109,"stat.pickup.minecraft.enchanted_book":1,"stat.craftItem.minecraft.gold_block":7,"stat.mineBlock.quark.roots":2,"stat.drop.minecraft.brown_mushroom":1,"stat.craftItem.minecraft.arrow":232,"stat.useItem.minecraft.obsidian":11,"stat.useItem.minecraft.dirt":74,"stat.useItem.minecraft.stone_slab2":88,"stat.pickup.minecraft.bow":4,"stat.pickup.quark.arrow_torch":32,"stat.craftItem.minecraft.furnace":13,"stat.useItem.minecraft.egg":4,"stat.pickup.minecraft.anvil":3,"stat.craftItem.minecraft.stone_pickaxe":2,"stat.craftItem.minecraft.cooked_beef":125,"stat.mineBlock.minecraft.obsidian":1,"stat.pickup.minecraft.shears":2,"stat.pickup.minecraft.cobblestone":3542,"stat.craftItem.minecraft.bow":1,"stat.pickup.futuremc.sweet_berries":3,"stat.flyOneCm":942048,"stat.craftItem.minecraft.glass_bottle":3,"stat.drop.minecraft.iron_helmet":1,"stat.pickup.minecraft.soul_sand":1,"stat.drop.minecraft.wheat_seeds":2,"stat.mineBlock.charm.nether_gold_deposit":74,"stat.useItem.minecraft.cooked_beef":33,"stat.useItem.nocubessrpnests.wormtoothpickaxe":5304,"stat.pickup.minecraft.redstone":771,"stat.mineBlock.minecraft.iron_ore":147,"stat.useItem.iceandfire.stymphalian_bird_dagger":25,"stat.timeSinceDeath":80092,"stat.pickup.iceandfire.armor_bronze_boots":1,"stat.craftItem.nocubessrpnests.wormtoothblade":6,"stat.pickup.minecraft.mossy_cobblestone":2,"stat.pickup.futuremc.smoker":2,"stat.craftItem.minecraft.iron_block":10,"stat.pickup.minecraft.stonebrick":16,"stat.mineBlock.minecraft.coal_ore":498,"stat.killEntity.Creeper":3,"stat.pickup.minecraft.string":40,"stat.craftItem.nocubessrpnests.crateorganicsample":1,"stat.craftItem.minecraft.stone_slab2":0,"stat.craftItem.quark.stone_andesite_bricks_stairs":40,"stat.killEntity.Squid":1,"stat.sprintOneCm":835051,"stat.pickup.minecraft.paper":1,"stat.pickup.quark.arrow_explosive":2,"stat.mineBlock.minecraft.stone_slab":1,"stat.craftItem.minecraft.stick":448,"stat.craftItem.minecraft.wooden_axe":1,"stat.pickup.minecraft.bone_block":57,"stat.craftItem.minecraft.gold_nugget":396,"stat.craftItem.minecraft.stone":36,"stat.mineBlock.minecraft.diamond_ore":31,"stat.pickup.nocubessrpnests.organicsample":21,"stat.mineBlock.minecraft.crafting_table":1,"stat.craftItem.iceandfire.stymphalian_arrow":60,"stat.useItem.minecraft.diamond_pickaxe":3135,"stat.craftItem.iceandfire.armor_gray_chestplate":1,"stat.mineBlock.quark.world_stone_bricks":1,"stat.craftItem.iceandfire.armor_gray_helmet":1,"stat.mineBlock.minecraft.planks":17,"stat.drop":17,"stat.useItem.iceandfire.chared_cobblestone":18,"stat.pickup.minecraft.slime_ball":10,"stat.craftItem.minecraft.diamond_pickaxe":3,"stat.killEntity.Zombie":3,"stat.mineBlock.minecraft.gold_ore":56,"stat.diveOneCm":117812,"stat.craftItem.minecraft.slime_ball":63,"stat.pickup.minecraft.wheat":10,"stat.mineBlock.minecraft.mossy_cobblestone":2,"stat.pickup.iceandfire.dragonscales_bronze":30,"stat.pickup.minecraft.gravel":1059,"stat.craftItem.quark.polished_netherrack":160,"stat.pickup.quark.stone_andesite_bricks_stairs":1,"stat.killEntity.Slime":10,"stat.useItem.minecraft.diamond_axe":1081,"stat.mineBlock.minecraft.anvil":2,"stat.pickup.minecraft.stone_axe":1,"stat.useItem.minecraft.apple":6,"stat.pickup.minecraft.obsidian":1,"stat.pickup.minecraft.stone_brick_stairs":3,"stat.craftItem.minecraft.diamond_sword":1,"stat.jump":5429,"stat.pickup.minecraft.fence":6,"stat.pickup.minecraft.coal":510,"stat.pickup.minecraft.iron_helmet":1,"stat.pickup.minecraft.iron_ingot":18,"stat.useItem.minecraft.stone_axe":219,"stat.pickup.minecraft.gunpowder":2,"stat.craftItem.minecraft.torch":316,"stat.pickup.minecraft.dirt":394,"stat.craftItem.nocubessrparmory.twistedpart":4,"stat.pickup.nocubessrpnests.wormtooth":60,"stat.pickup.minecraft.iron_ore":227,"stat.craftItem.iceandfire.armor_bronze_leggings":1,"stat.pickup.iceandfire.fire_dragon_heart":5,"stat.boatOneCm":43777,"stat.useItem.minecraft.sapling":6,"stat.pickup.minecraft.gold_ore":100,"stat.mineBlock.minecraft.lapis_ore":29,"stat.craftItem.minecraft.flint_and_steel":1,"stat.damageTaken":5050,"stat.pickup.minecraft.leather":300,"stat.mineBlock.minecraft.torch":23,"stat.mineBlock.minecraft.furnace":1,"stat.useItem.minecraft.wooden_pickaxe":59,"stat.mineBlock.iceandfire.chared_cobblestone":4,"stat.pickup.srparasites.assimilated_flesh":9,"stat.pickup.minecraft.log2":3,"stat.pickup.minecraft.reeds":18,"stat.pickup.minecraft.bed":2,"stat.killEntity.hippogryph":1,"stat.pickup.minecraft.potato":22,"stat.pickup.minecraft.oak_stairs":6,"stat.pickup.minecraft.diamond_axe":5,"stat.craftItem.spartanweaponry.quiver_arrow":1,"stat.damageDealt":32999,"stat.craftItem.minecraft.glass":3,"stat.sleepInBed":1,"stat.craftItem.minecraft.anvil":1,"stat.killEntity.Cow":75,"stat.killEntity.Pig":8,"stat.walkOneCm":881860,"stat.pickup.minecraft.stick":142,"stat.pickup.minecraft.diamond_pickaxe":3,"stat.pickup.nocubessrparmory.overlordcore":14,"stat.mineBlock.futuremc.smoker":2,"stat.pickup.quark.root_flower":1,"stat.drop.minecraft.iron_chestplate":1,"stat.pickup.minecraft.stone":39,"stat.pickup.biomesoplenty.fleshchunk":598,"stat.pickup.minecraft.cooked_beef":452,"stat.pickup.minecraft.gold_ingot":22,"stat.useItem.minecraft.netherrack":5,"stat.killEntity.Skeleton":4,"stat.craftItem.biomesoplenty.flesh":64,"stat.craftItem.minecraft.bookshelf":17,"stat.mineBlock.minecraft.stonebrick":12,"stat.killEntity.Chicken":37,"stat.pickup.nocubessrpnests.wormtoothpickaxe":3,"stat.killEntity.Spider":4,"stat.mineBlock.minecraft.quartz_ore":82,"stat.mineBlock.biomesoplenty.flesh":28214,"stat.craftItem.nocubessrparmory.pestilentpart":4,"stat.killEntity.stymphalianbird":1,"stat.pickup.quark.world_stone_bricks":1,"stat.mobKills":224,"stat.killEntity.quark:frog":1,"stat.mineBlock.minecraft.bookshelf":8,"stat.craftItem.minecraft.shears":1,"stat.pickup.minecraft.quartz":65,"stat.useItem.minecraft.boat":1,"stat.pickup.minecraft.diamond":31,"stat.mineBlock.minecraft.leaves":191,"stat.pickup.minecraft.torch":439,"stat.mineBlock.minecraft.redstone_ore":185,"stat.craftItem.quark.world_stone_bricks":36,"stat.craftItem.minecraft.coal_block":20,"stat.pickup.nocubessrparmory.twistedpart":8,"stat.mineBlock.minecraft.bone_block":61,"stat.killEntity.firedragon":5,"stat.pickup.futuremc.ancient_debris":5,"stat.pickup.iceandfire.stymphalian_arrow":16,"stat.mineBlock.minecraft.stone":5650,"stat.craftItem.spartanshields.shield_tower_iron":1}