{"stat.pickup.minecraft.bone":3,"stat.craftItem.futuremc.smoker":2,"stat.entityKilledBy.stymphalianbird":3,"stat.pickup.minecraft.gravel":3,"stat.pickup.minecraft.arrow":10,"stat.mineBlock.minecraft.cobblestone":3,"stat.useItem.quark.frog_leg":1,"stat.killEntity.Slime":10,"stat.mineBlock.minecraft.slime":8,"stat.pickup.minecraft.stone_pickaxe":2,"stat.useItem.minecraft.diamond_axe":1,"stat.pickup.minecraft.stone_axe":1,"stat.entityKilledBy.Witch":1,"stat.useItem.minecraft.apple":6,"stat.mineBlock.srparasites.gore":8,"stat.mineBlock.minecraft.brown_mushroom":1,"stat.mineBlock.charm.crate_sealed":3,"stat.swimOneCm":25059,"stat.jump":945,"stat.pickup.minecraft.coal":100,"stat.fallOneCm":15104,"stat.useItem.minecraft.planks":19,"stat.climbOneCm":2154,"stat.pickup.minecraft.iron_ingot":5,"stat.useItem.minecraft.stone_axe":219,"stat.pickup.minecraft.porkchop":21,"stat.mineBlock.quark.roots":1,"stat.crouchOneCm":6665,"stat.mineBlock.gravestone.gravestone":3,"stat.craftItem.minecraft.torch":188,"stat.craftItem.minecraft.iron_ingot":3,"stat.pickup.iceandfire.stymphalian_bird_feather":42,"stat.pickup.minecraft.dirt":35,"stat.useItem.minecraft.dirt":27,"stat.craftItem.nocubessrparmory.twistedpart":4,"stat.useItem.minecraft.stone_slab2":24,"stat.craftingTableInteraction":17,"stat.pickup.minecraft.iron_ore":66,"stat.craftItem.minecraft.furnace":3,"stat.useItem.minecraft.sapling":6,"stat.pickup.minecraft.gold_ore":22,"stat.mineBlock.minecraft.lapis_ore":4,"stat.craftItem.minecraft.stone_axe":3,"stat.damageTaken":1423,"stat.pickup.minecraft.feather":30,"stat.pickup.minecraft.leather":142,"stat.craftItem.buildcrafttransport.waterproof":73,"stat.craftItem.minecraft.stone_pickaxe":2,"stat.mineBlock.minecraft.torch":4,"stat.useItem.minecraft.wooden_pickaxe":59,"stat.useItem.futuremc.smoker":1,"stat.craftItem.minecraft.cooked_beef":87,"stat.pickup.minecraft.slime":8,"stat.pickup.minecraft.cobblestone":585,"stat.pickup.minecraft.dye":32,"stat.pickup.minecraft.planks":4,"stat.flyOneCm":166602,"stat.pickup.minecraft.wheat_seeds":3,"stat.drop.minecraft.wheat_seeds":1,"stat.pickup.minecraft.diamond_axe":1,"stat.mineBlock.minecraft.gravel":3,"stat.useItem.minecraft.stone_pickaxe":271,"stat.useItem.minecraft.cooked_beef":9,"stat.pickup.quark.tallow":6,"stat.damageDealt":11099,"stat.pickup.minecraft.redstone":111,"stat.mineBlock.minecraft.iron_ore":66,"stat.useItem.iceandfire.stymphalian_bird_dagger":25,"stat.timeSinceDeath":20946,"stat.killEntity.Cow":51,"stat.mineBlock.minecraft.dirt":22,"stat.useItem.minecraft.iron_pickaxe":250,"stat.pickup.minecraft.stained_hardened_clay":7,"stat.craftItem.minecraft.wooden_pickaxe":1,"stat.killEntity.Pig":4,"stat.pickup.minecraft.double_plant":1,"stat.walkOneCm":133670,"stat.useItem.minecraft.torch":58,"stat.drop.gravestone.death_info":3,"stat.pickup.minecraft.stick":4,"stat.pickup.minecraft.iron_nugget":3,"stat.mineBlock.minecraft.vine":1,"stat.useItem.minecraft.cobblestone":50,"stat.craftItem.minecraft.crafting_table":9,"stat.furnaceInteraction":3,"stat.mineBlock.minecraft.double_plant":1,"stat.craftItem.iceandfire.stymphalian_bird_dagger":1,"stat.mineBlock.minecraft.coal_ore":100,"stat.pickup.srparasites.lurecomponent1":11,"stat.killEntity.Creeper":1,"stat.pickup.minecraft.log":255,"stat.pickup.minecraft.string":17,"stat.pickup.minecraft.beef":107,"stat.pickup.quark.root_flower":1,"stat.craftItem.minecraft.stone_slab2":0,"stat.drop.minecraft.sapling":1,"stat.pickup.minecraft.chicken":6,"stat.pickup.minecraft.sapling":10,"stat.killEntity.Squid":1,"stat.mineBlock.minecraft.stained_hardened_clay":7,"stat.sprintOneCm":145798,"stat.pickup.minecraft.apple":6,"stat.pickup.minecraft.cooked_beef":144,"stat.craftItem.minecraft.stick":84,"stat.craftItem.minecraft.wooden_axe":1,"stat.killEntity.Skeleton":2,"stat.craftItem.spartanshields.shield_tower_wood":1,"stat.killEntity.Horse":4,"stat.craftItem.minecraft.planks":244,"stat.killEntity.Chicken":6,"stat.mineBlock.minecraft.diamond_ore":7,"stat.pickup.quark.frog_leg":1,"stat.killEntity.Spider":1,"stat.useItem.minecraft.diamond_pickaxe":281,"stat.killEntity.stymphalianbird":1,"stat.mobKills":93,"stat.pickup.minecraft.saddle":1,"stat.killEntity.quark:frog":1,"stat.mineBlock.minecraft.log":131,"stat.pickup.iceandfire.stymphalian_bird_dagger":2,"stat.mineBlock.minecraft.waterlily":2,"stat.pickup.charm.totem_of_shielding":1,"stat.pickup.charm.bat_bucket":2,"stat.deaths":4,"stat.drop":5,"stat.pickup.minecraft.diamond":7,"stat.mineBlock.minecraft.leaves":133,"stat.playOneMinute":59683,"stat.pickup.minecraft.torch":7,"stat.mineBlock.minecraft.redstone_ore":24,"stat.sneakTime":3810,"stat.pickup.minecraft.slime_ball":10,"stat.craftItem.minecraft.iron_pickaxe":1,"stat.craftItem.minecraft.diamond_pickaxe":1,"stat.killEntity.Zombie":1,"stat.useItem.minecraft.wooden_axe":46,"stat.mineBlock.minecraft.stone":611,"stat.mineBlock.minecraft.gold_ore":22,"stat.mineBlock.minecraft.tallgrass":45,"stat.diveOneCm":55147,"stat.craftItem.minecraft.slime_ball":63}