{"stat.useItem.minecraft.bow":106,"stat.craftItem.iceandfire.armor_bronze_chestplate":1,"stat.pickup.iceandfire.fire_dragon_flesh":30,"stat.entityKilledBy.stymphalianbird":3,"stat.leaveGame":8,"stat.pickup.nocubessrpnests.wormtoothblade":4,"stat.useItem.minecraft.planks":30,"stat.craftItem.iceandfire.armor_bronze_helmet":1,"stat.pickup.minecraft.porkchop":49,"stat.mineBlock.gravestone.gravestone":7,"stat.pickup.iceandfire.stymphalian_bird_feather":44,"stat.pickup.minecraft.rotten_flesh":10,"stat.pickup.minecraft.sand":3,"stat.craftItem.minecraft.stone_axe":3,"stat.mineBlock.nocubessrpnests.nestegg":16,"stat.pickup.iceandfire.chared_cobblestone":20,"stat.pickup.minecraft.brown_mushroom":1,"stat.mineBlock.minecraft.sand":3,"stat.pickup.iceandfire.ash":1,"stat.pickup.quark.tallow":13,"stat.useItem.minecraft.iron_pickaxe":250,"stat.pickup.minecraft.stained_hardened_clay":7,"stat.craftItem.minecraft.wooden_pickaxe":1,"stat.pickup.minecraft.double_plant":1,"stat.drop.gravestone.death_info":7,"stat.craftItem.nocubessrpnests.wormtoothpickaxe":1,"stat.mineBlock.minecraft.vine":1,"stat.craftItem.minecraft.golden_carrot":108,"stat.furnaceInteraction":16,"stat.pickup.iceandfire.dragon_skull":5,"stat.pickup.srparasites.lurecomponent1":50,"stat.pickup.minecraft.beef":153,"stat.mineBlock.minecraft.stained_hardened_clay":12,"stat.pickup.minecraft.skull":2,"stat.killEntity.Horse":9,"stat.pickup.nocubessrpnests.neststonelight":2,"stat.craftItem.quark.arrow_torch":17,"stat.craftItem.quark.arrow_explosive":1,"stat.pickup.minecraft.saddle":3,"stat.pickup.iceandfire.stymphalian_bird_dagger":4,"stat.pickup.charm.totem_of_shielding":1,"stat.mineBlock.minecraft.oak_stairs":3,"stat.deaths":8,"stat.pickup.minecraft.egg":4,"stat.playOneMinute":225603,"stat.craftItem.minecraft.iron_pickaxe":1,"stat.pickup.minecraft.item_frame":2,"stat.mineBlock.nocubessrpnests.fleshwormteeth":36,"stat.mineBlock.minecraft.tallgrass":77,"stat.chestOpened":67,"stat.craftItem.futuremc.smoker":2,"stat.pickup.minecraft.arrow":59,"stat.useItem.quark.frog_leg":1,"stat.pickup.minecraft.gold_nugget":1297,"stat.fallOneCm":95479,"stat.pickup.minecraft.carrot":179,"stat.crouchOneCm":13294,"stat.mineBlock.minecraft.chest":5,"stat.craftItem.minecraft.iron_ingot":69,"stat.craftingTableInteraction":68,"stat.craftItem.iceandfire.armor_gray_leggings":1,"stat.mineBlock.quark.limestone":1,"stat.pickup.minecraft.feather":143,"stat.craftItem.buildcrafttransport.waterproof":73,"stat.useItem.futuremc.smoker":1,"stat.useItem.minecraft.furnace":6,"stat.pickup.minecraft.slime":91,"stat.pickup.iceandfire.dragonscales_red":12,"stat.pickup.minecraft.dye":122,"stat.pickup.minecraft.planks":14,"stat.pickup.minecraft.wheat_seeds":29,"stat.mineBlock.minecraft.gravel":1248,"stat.useItem.minecraft.stone_pickaxe":271,"stat.craftItem.iceandfire.armor_gray_boots":1,"stat.mineBlock.minecraft.dirt":362,"stat.craftItem.nocubessrparmory.pestilentarmorboots":1,"stat.useItem.minecraft.torch":89,"stat.pickup.minecraft.iron_nugget":3,"stat.craftItem.minecraft.redstone_block":12,"stat.useItem.minecraft.cobblestone":312,"stat.craftItem.minecraft.crafting_table":23,"stat.mineBlock.nocubessrpnests.neststonelight":2,"stat.useItem.minecraft.gravel":16,"stat.mineBlock.minecraft.double_plant":1,"stat.craftItem.iceandfire.stymphalian_bird_dagger":1,"stat.craftItem.minecraft.boat":1,"stat.pickup.minecraft.log":439,"stat.pickup.usefulbackpacks.backpack":1,"stat.craftItem.usefulbackpacks.backpack":3,"stat.craftItem.minecraft.gold_ingot":96,"stat.drop.minecraft.sapling":1,"stat.pickup.minecraft.chicken":73,"stat.pickup.buildcrafttransport.waterproof":146,"stat.pickup.minecraft.sapling":12,"stat.pickup.minecraft.wooden_door":1,"stat.pickup.iceandfire.dragonscales_gray":29,"stat.pickup.minecraft.apple":6,"stat.mineBlock.overlast.red_leaves":5,"stat.craftItem.spartanshields.shield_tower_wood":1,"stat.mineBlock.iceandfire.goldpile":253,"stat.craftItem.minecraft.planks":348,"stat.craftItem.iceandfire.stymphalian_feather_bundle":2,"stat.pickup.futuremc.cornflower":1,"stat.pickup.quark.frog_leg":1,"stat.pickup.minecraft.book":24,"stat.mineBlock.minecraft.log":148,"stat.mineBlock.minecraft.waterlily":2,"stat.craftItem.minecraft.cooked_chicken":36,"stat.pickup.charm.bat_bucket":2,"stat.pickup.iceandfire.dragonbone":56,"stat.useItem.nocubessrpnests.neststonelight":1,"stat.sneakTime":7696,"stat.pickup.minecraft.wool":21,"stat.useItem.minecraft.wooden_axe":46,"stat.drop.minecraft.yellow_flower":2,"stat.pickup.minecraft.yellow_flower":2,"stat.craftItem.iceandfire.armor_bronze_boots":1,"stat.pickup.minecraft.bone":12,"stat.mineBlock.quark.variant_leaves":3,"stat.mineBlock.minecraft.cobblestone":29,"stat.mineBlock.minecraft.slime":28,"stat.pickup.minecraft.stone_pickaxe":2,"stat.pickup.minecraft.flint":144,"stat.entityKilledBy.Witch":1,"stat.mineBlock.srparasites.gore":17,"stat.mineBlock.minecraft.brown_mushroom":1,"stat.mineBlock.charm.crate_sealed":4,"stat.swimOneCm":64120,"stat.drop.minecraft.saddle":1,"stat.climbOneCm":2844,"stat.pickup.minecraft.enchanted_book":1,"stat.craftItem.minecraft.gold_block":7,"stat.mineBlock.quark.roots":1,"stat.drop.minecraft.brown_mushroom":1,"stat.craftItem.minecraft.arrow":220,"stat.useItem.minecraft.dirt":63,"stat.useItem.minecraft.stone_slab2":59,"stat.pickup.minecraft.bow":3,"stat.pickup.quark.arrow_torch":26,"stat.craftItem.minecraft.furnace":13,"stat.useItem.minecraft.egg":4,"stat.pickup.minecraft.anvil":1,"stat.craftItem.minecraft.stone_pickaxe":2,"stat.craftItem.minecraft.cooked_beef":125,"stat.pickup.minecraft.shears":2,"stat.pickup.minecraft.cobblestone":1508,"stat.craftItem.minecraft.bow":1,"stat.pickup.futuremc.sweet_berries":3,"stat.flyOneCm":777395,"stat.craftItem.minecraft.glass_bottle":3,"stat.drop.minecraft.iron_helmet":1,"stat.drop.minecraft.wheat_seeds":2,"stat.useItem.minecraft.cooked_beef":18,"stat.useItem.nocubessrpnests.wormtoothpickaxe":772,"stat.pickup.minecraft.redstone":333,"stat.mineBlock.minecraft.iron_ore":72,"stat.useItem.iceandfire.stymphalian_bird_dagger":25,"stat.timeSinceDeath":122145,"stat.craftItem.nocubessrpnests.wormtoothblade":4,"stat.craftItem.minecraft.iron_block":10,"stat.pickup.minecraft.stonebrick":10,"stat.mineBlock.minecraft.coal_ore":117,"stat.killEntity.Creeper":3,"stat.pickup.minecraft.string":40,"stat.craftItem.nocubessrpnests.crateorganicsample":1,"stat.craftItem.minecraft.stone_slab2":0,"stat.killEntity.Squid":1,"stat.sprintOneCm":564727,"stat.pickup.minecraft.paper":1,"stat.pickup.quark.arrow_explosive":2,"stat.craftItem.minecraft.stick":132,"stat.craftItem.minecraft.wooden_axe":1,"stat.craftItem.minecraft.gold_nugget":396,"stat.mineBlock.minecraft.diamond_ore":7,"stat.pickup.nocubessrpnests.organicsample":21,"stat.craftItem.iceandfire.stymphalian_arrow":8,"stat.useItem.minecraft.diamond_pickaxe":454,"stat.craftItem.iceandfire.armor_gray_chestplate":1,"stat.craftItem.iceandfire.armor_gray_helmet":1,"stat.mineBlock.minecraft.planks":4,"stat.drop":16,"stat.useItem.iceandfire.chared_cobblestone":18,"stat.pickup.minecraft.slime_ball":10,"stat.craftItem.minecraft.diamond_pickaxe":1,"stat.killEntity.Zombie":3,"stat.mineBlock.minecraft.gold_ore":22,"stat.diveOneCm":88981,"stat.craftItem.minecraft.slime_ball":63,"stat.pickup.minecraft.wheat":10,"stat.pickup.iceandfire.dragonscales_bronze":30,"stat.pickup.minecraft.gravel":1056,"stat.killEntity.Slime":10,"stat.useItem.minecraft.diamond_axe":360,"stat.mineBlock.minecraft.anvil":1,"stat.pickup.minecraft.stone_axe":1,"stat.useItem.minecraft.apple":6,"stat.pickup.minecraft.stone_brick_stairs":3,"stat.jump":4235,"stat.pickup.minecraft.coal":182,"stat.pickup.minecraft.iron_helmet":1,"stat.pickup.minecraft.iron_ingot":13,"stat.useItem.minecraft.stone_axe":219,"stat.pickup.minecraft.gunpowder":2,"stat.craftItem.minecraft.torch":188,"stat.pickup.minecraft.dirt":377,"stat.craftItem.nocubessrparmory.twistedpart":4,"stat.pickup.nocubessrpnests.wormtooth":60,"stat.pickup.minecraft.iron_ore":192,"stat.craftItem.iceandfire.armor_bronze_leggings":1,"stat.pickup.iceandfire.fire_dragon_heart":5,"stat.boatOneCm":43777,"stat.useItem.minecraft.sapling":6,"stat.pickup.minecraft.gold_ore":66,"stat.mineBlock.minecraft.lapis_ore":4,"stat.damageTaken":3502,"stat.pickup.minecraft.leather":293,"stat.mineBlock.minecraft.torch":13,"stat.useItem.minecraft.wooden_pickaxe":59,"stat.mineBlock.iceandfire.chared_cobblestone":4,"stat.pickup.srparasites.assimilated_flesh":6,"stat.pickup.minecraft.log2":3,"stat.pickup.minecraft.reeds":12,"stat.pickup.minecraft.bed":1,"stat.killEntity.hippogryph":1,"stat.pickup.minecraft.potato":22,"stat.pickup.minecraft.oak_stairs":6,"stat.pickup.minecraft.diamond_axe":4,"stat.craftItem.spartanweaponry.quiver_arrow":1,"stat.damageDealt":29130,"stat.craftItem.minecraft.glass":3,"stat.sleepInBed":1,"stat.craftItem.minecraft.anvil":1,"stat.killEntity.Cow":71,"stat.killEntity.Pig":8,"stat.walkOneCm":481448,"stat.pickup.minecraft.stick":87,"stat.pickup.minecraft.diamond_pickaxe":3,"stat.pickup.nocubessrparmory.overlordcore":14,"stat.pickup.quark.root_flower":1,"stat.drop.minecraft.iron_chestplate":1,"stat.pickup.minecraft.stone":26,"stat.pickup.minecraft.cooked_beef":330,"stat.killEntity.Skeleton":4,"stat.killEntity.Chicken":37,"stat.pickup.nocubessrpnests.wormtoothpickaxe":2,"stat.killEntity.Spider":4,"stat.craftItem.nocubessrparmory.pestilentpart":4,"stat.killEntity.stymphalianbird":1,"stat.mobKills":194,"stat.killEntity.quark:frog":1,"stat.mineBlock.minecraft.bookshelf":8,"stat.craftItem.minecraft.shears":1,"stat.useItem.minecraft.boat":1,"stat.pickup.minecraft.diamond":7,"stat.mineBlock.minecraft.leaves":191,"stat.pickup.minecraft.torch":368,"stat.mineBlock.minecraft.redstone_ore":24,"stat.pickup.nocubessrparmory.twistedpart":8,"stat.killEntity.firedragon":5,"stat.pickup.iceandfire.stymphalian_arrow":16,"stat.mineBlock.minecraft.stone":1389}