{"stat.pickup.minecraft.double_plant":1,"stat.walkOneCm":77343,"stat.pickup.minecraft.bone":2,"stat.craftItem.futuremc.smoker":2,"stat.drop.gravestone.death_info":3,"stat.pickup.minecraft.stick":1,"stat.pickup.minecraft.iron_nugget":2,"stat.entityKilledBy.stymphalianbird":3,"stat.pickup.minecraft.arrow":4,"stat.mineBlock.minecraft.vine":1,"stat.mineBlock.minecraft.cobblestone":3,"stat.useItem.quark.frog_leg":1,"stat.useItem.minecraft.cobblestone":35,"stat.pickup.minecraft.stone_pickaxe":1,"stat.craftItem.minecraft.crafting_table":5,"stat.mineBlock.minecraft.double_plant":1,"stat.useItem.minecraft.apple":6,"stat.craftItem.iceandfire.stymphalian_bird_dagger":1,"stat.mineBlock.srparasites.gore":8,"stat.pickup.srparasites.lurecomponent1":6,"stat.killEntity.Creeper":1,"stat.pickup.minecraft.log":183,"stat.swimOneCm":7752,"stat.jump":610,"stat.fallOneCm":11514,"stat.useItem.minecraft.planks":14,"stat.climbOneCm":1545,"stat.pickup.minecraft.beef":107,"stat.useItem.minecraft.stone_axe":165,"stat.craftItem.minecraft.stone_slab2":0,"stat.pickup.minecraft.porkchop":14,"stat.drop.minecraft.sapling":1,"stat.crouchOneCm":3744,"stat.pickup.minecraft.chicken":6,"stat.mineBlock.gravestone.gravestone":2,"stat.pickup.minecraft.sapling":10,"stat.pickup.iceandfire.stymphalian_bird_feather":25,"stat.pickup.minecraft.dirt":14,"stat.useItem.minecraft.dirt":13,"stat.sprintOneCm":105142,"stat.useItem.minecraft.stone_slab2":14,"stat.pickup.minecraft.apple":6,"stat.pickup.minecraft.cooked_beef":73,"stat.craftItem.minecraft.stick":16,"stat.craftItem.minecraft.wooden_axe":1,"stat.craftingTableInteraction":12,"stat.killEntity.Skeleton":1,"stat.craftItem.minecraft.furnace":2,"stat.craftItem.spartanshields.shield_tower_wood":1,"stat.useItem.minecraft.sapling":6,"stat.killEntity.Horse":4,"stat.craftItem.minecraft.planks":188,"stat.killEntity.Chicken":6,"stat.craftItem.minecraft.stone_axe":2,"stat.pickup.minecraft.leather":95,"stat.pickup.minecraft.feather":20,"stat.damageTaken":1115,"stat.pickup.quark.frog_leg":1,"stat.craftItem.minecraft.stone_pickaxe":1,"stat.useItem.minecraft.wooden_pickaxe":59,"stat.killEntity.stymphalianbird":1,"stat.useItem.futuremc.smoker":1,"stat.craftItem.minecraft.cooked_beef":87,"stat.mobKills":75,"stat.pickup.minecraft.cobblestone":66,"stat.killEntity.quark:frog":1,"stat.mineBlock.minecraft.log":119,"stat.pickup.iceandfire.stymphalian_bird_dagger":1,"stat.flyOneCm":133971,"stat.deaths":3,"stat.pickup.minecraft.wheat_seeds":3,"stat.drop":5,"stat.mineBlock.minecraft.leaves":133,"stat.playOneMinute":35683,"stat.drop.minecraft.wheat_seeds":1,"stat.useItem.minecraft.stone_pickaxe":3,"stat.useItem.minecraft.cooked_beef":5,"stat.sneakTime":2561,"stat.pickup.quark.tallow":6,"stat.damageDealt":9637,"stat.useItem.iceandfire.stymphalian_bird_dagger":9,"stat.timeSinceDeath":2521,"stat.useItem.minecraft.wooden_axe":46,"stat.killEntity.Cow":51,"stat.craftItem.minecraft.wooden_pickaxe":1,"stat.mineBlock.minecraft.stone":60,"stat.killEntity.Pig":4,"stat.mineBlock.minecraft.tallgrass":37,"stat.diveOneCm":37536}