{"stat.useItem.minecraft.bow":10,"stat.pickup.minecraft.bone":6,"stat.entityKilledBy.stymphalianbird":3,"stat.leaveGame":2,"stat.mineBlock.quark.variant_leaves":3,"stat.mineBlock.minecraft.cobblestone":24,"stat.mineBlock.minecraft.slime":28,"stat.pickup.minecraft.stone_pickaxe":2,"stat.pickup.minecraft.flint":17,"stat.entityKilledBy.Witch":1,"stat.mineBlock.srparasites.gore":11,"stat.mineBlock.minecraft.brown_mushroom":1,"stat.mineBlock.charm.crate_sealed":4,"stat.pickup.nocubessrpnests.wormtoothblade":4,"stat.swimOneCm":40032,"stat.useItem.minecraft.planks":19,"stat.climbOneCm":2844,"stat.pickup.minecraft.porkchop":29,"stat.mineBlock.quark.roots":1,"stat.mineBlock.gravestone.gravestone":4,"stat.craftItem.minecraft.arrow":60,"stat.pickup.iceandfire.stymphalian_bird_feather":44,"stat.useItem.minecraft.dirt":27,"stat.useItem.minecraft.stone_slab2":29,"stat.pickup.minecraft.bow":1,"stat.pickup.minecraft.rotten_flesh":2,"stat.craftItem.minecraft.furnace":3,"stat.useItem.minecraft.egg":3,"stat.craftItem.minecraft.stone_axe":3,"stat.mineBlock.nocubessrpnests.nestegg":3,"stat.craftItem.minecraft.stone_pickaxe":2,"stat.craftItem.minecraft.cooked_beef":87,"stat.pickup.minecraft.cobblestone":888,"stat.craftItem.minecraft.bow":1,"stat.flyOneCm":247455,"stat.drop.minecraft.wheat_seeds":1,"stat.useItem.minecraft.cooked_beef":12,"stat.pickup.quark.tallow":9,"stat.pickup.minecraft.redstone":222,"stat.mineBlock.minecraft.iron_ore":66,"stat.useItem.iceandfire.stymphalian_bird_dagger":25,"stat.timeSinceDeath":11510,"stat.craftItem.nocubessrpnests.wormtoothblade":4,"stat.useItem.minecraft.iron_pickaxe":250,"stat.pickup.minecraft.stained_hardened_clay":7,"stat.craftItem.minecraft.wooden_pickaxe":1,"stat.pickup.minecraft.double_plant":1,"stat.drop.gravestone.death_info":4,"stat.craftItem.nocubessrpnests.wormtoothpickaxe":1,"stat.mineBlock.minecraft.vine":1,"stat.furnaceInteraction":3,"stat.mineBlock.minecraft.coal_ore":100,"stat.pickup.srparasites.lurecomponent1":33,"stat.killEntity.Creeper":1,"stat.pickup.minecraft.string":25,"stat.craftItem.nocubessrpnests.crateorganicsample":1,"stat.pickup.minecraft.beef":107,"stat.craftItem.minecraft.stone_slab2":0,"stat.killEntity.Squid":1,"stat.mineBlock.minecraft.stained_hardened_clay":12,"stat.sprintOneCm":186848,"stat.craftItem.minecraft.stick":116,"stat.craftItem.minecraft.wooden_axe":1,"stat.killEntity.Horse":4,"stat.mineBlock.minecraft.diamond_ore":7,"stat.craftItem.quark.arrow_torch":17,"stat.pickup.nocubessrpnests.organicsample":6,"stat.craftItem.iceandfire.stymphalian_arrow":8,"stat.useItem.minecraft.diamond_pickaxe":454,"stat.pickup.minecraft.saddle":2,"stat.pickup.iceandfire.stymphalian_bird_dagger":3,"stat.pickup.charm.totem_of_shielding":1,"stat.deaths":5,"stat.drop":6,"stat.pickup.minecraft.egg":3,"stat.playOneMinute":83199,"stat.pickup.minecraft.slime_ball":10,"stat.craftItem.minecraft.iron_pickaxe":1,"stat.craftItem.minecraft.diamond_pickaxe":1,"stat.killEntity.Zombie":2,"stat.mineBlock.nocubessrpnests.fleshwormteeth":36,"stat.mineBlock.minecraft.gold_ore":22,"stat.mineBlock.minecraft.tallgrass":49,"stat.diveOneCm":64105,"stat.craftItem.minecraft.slime_ball":63,"stat.craftItem.futuremc.smoker":2,"stat.pickup.minecraft.gravel":78,"stat.pickup.minecraft.arrow":10,"stat.useItem.quark.frog_leg":1,"stat.killEntity.Slime":10,"stat.useItem.minecraft.diamond_axe":91,"stat.pickup.minecraft.stone_axe":1,"stat.useItem.minecraft.apple":6,"stat.jump":1440,"stat.pickup.minecraft.coal":131,"stat.fallOneCm":25975,"stat.pickup.minecraft.iron_ingot":10,"stat.useItem.minecraft.stone_axe":219,"stat.crouchOneCm":11338,"stat.craftItem.minecraft.torch":188,"stat.craftItem.minecraft.iron_ingot":3,"stat.pickup.minecraft.dirt":42,"stat.craftItem.nocubessrparmory.twistedpart":4,"stat.pickup.nocubessrpnests.wormtooth":48,"stat.craftingTableInteraction":27,"stat.pickup.minecraft.iron_ore":126,"stat.useItem.minecraft.sapling":6,"stat.pickup.minecraft.gold_ore":44,"stat.mineBlock.minecraft.lapis_ore":4,"stat.mineBlock.quark.limestone":1,"stat.damageTaken":1880,"stat.pickup.minecraft.feather":67,"stat.pickup.minecraft.leather":193,"stat.craftItem.buildcrafttransport.waterproof":73,"stat.mineBlock.minecraft.torch":9,"stat.useItem.minecraft.wooden_pickaxe":59,"stat.useItem.futuremc.smoker":1,"stat.pickup.minecraft.slime":49,"stat.pickup.minecraft.dye":62,"stat.pickup.minecraft.planks":4,"stat.pickup.minecraft.wheat_seeds":3,"stat.pickup.minecraft.diamond_axe":2,"stat.mineBlock.minecraft.gravel":161,"stat.useItem.minecraft.stone_pickaxe":271,"stat.damageDealt":14570,"stat.killEntity.Cow":51,"stat.mineBlock.minecraft.dirt":37,"stat.killEntity.Pig":5,"stat.walkOneCm":166054,"stat.useItem.minecraft.torch":74,"stat.pickup.minecraft.stick":15,"stat.pickup.minecraft.iron_nugget":3,"stat.pickup.minecraft.diamond_pickaxe":1,"stat.useItem.minecraft.cobblestone":140,"stat.craftItem.minecraft.crafting_table":14,"stat.mineBlock.minecraft.double_plant":1,"stat.craftItem.iceandfire.stymphalian_bird_dagger":1,"stat.pickup.minecraft.log":315,"stat.pickup.quark.root_flower":1,"stat.drop.minecraft.sapling":1,"stat.pickup.minecraft.chicken":21,"stat.pickup.buildcrafttransport.waterproof":73,"stat.pickup.minecraft.sapling":10,"stat.pickup.minecraft.apple":6,"stat.pickup.minecraft.cooked_beef":211,"stat.killEntity.Skeleton":2,"stat.craftItem.spartanshields.shield_tower_wood":1,"stat.craftItem.minecraft.planks":280,"stat.craftItem.iceandfire.stymphalian_feather_bundle":2,"stat.killEntity.Chicken":22,"stat.pickup.quark.frog_leg":1,"stat.killEntity.Spider":1,"stat.killEntity.stymphalianbird":1,"stat.mobKills":132,"stat.killEntity.quark:frog":1,"stat.mineBlock.minecraft.log":131,"stat.mineBlock.minecraft.waterlily":2,"stat.pickup.charm.bat_bucket":2,"stat.pickup.minecraft.diamond":7,"stat.mineBlock.minecraft.leaves":133,"stat.pickup.minecraft.torch":141,"stat.mineBlock.minecraft.redstone_ore":24,"stat.sneakTime":6390,"stat.pickup.nocubessrparmory.twistedpart":4,"stat.useItem.minecraft.wooden_axe":46,"stat.mineBlock.minecraft.stone":708}