{"stat.useItem.minecraft.bow":28,"stat.entityKilledBy.stymphalianbird":3,"stat.leaveGame":6,"stat.pickup.nocubessrpnests.wormtoothblade":4,"stat.useItem.minecraft.planks":19,"stat.pickup.minecraft.porkchop":35,"stat.mineBlock.gravestone.gravestone":4,"stat.pickup.iceandfire.stymphalian_bird_feather":44,"stat.pickup.minecraft.rotten_flesh":4,"stat.craftItem.minecraft.stone_axe":3,"stat.mineBlock.nocubessrpnests.nestegg":3,"stat.pickup.minecraft.brown_mushroom":1,"stat.pickup.quark.tallow":13,"stat.useItem.minecraft.iron_pickaxe":250,"stat.pickup.minecraft.stained_hardened_clay":7,"stat.craftItem.minecraft.wooden_pickaxe":1,"stat.pickup.minecraft.double_plant":1,"stat.drop.gravestone.death_info":6,"stat.craftItem.nocubessrpnests.wormtoothpickaxe":1,"stat.mineBlock.minecraft.vine":1,"stat.furnaceInteraction":3,"stat.pickup.srparasites.lurecomponent1":35,"stat.pickup.minecraft.beef":122,"stat.mineBlock.minecraft.stained_hardened_clay":12,"stat.killEntity.Horse":4,"stat.craftItem.quark.arrow_torch":17,"stat.craftItem.quark.arrow_explosive":1,"stat.pickup.minecraft.saddle":3,"stat.pickup.iceandfire.stymphalian_bird_dagger":3,"stat.pickup.charm.totem_of_shielding":1,"stat.deaths":7,"stat.pickup.minecraft.egg":4,"stat.playOneMinute":94136,"stat.craftItem.minecraft.iron_pickaxe":1,"stat.mineBlock.nocubessrpnests.fleshwormteeth":36,"stat.mineBlock.minecraft.tallgrass":63,"stat.craftItem.futuremc.smoker":2,"stat.pickup.minecraft.arrow":11,"stat.useItem.quark.frog_leg":1,"stat.fallOneCm":31305,"stat.crouchOneCm":11445,"stat.craftItem.minecraft.iron_ingot":3,"stat.craftingTableInteraction":27,"stat.mineBlock.quark.limestone":1,"stat.pickup.minecraft.feather":67,"stat.craftItem.buildcrafttransport.waterproof":73,"stat.useItem.futuremc.smoker":1,"stat.pickup.minecraft.slime":49,"stat.pickup.minecraft.dye":62,"stat.pickup.minecraft.planks":4,"stat.pickup.minecraft.wheat_seeds":4,"stat.mineBlock.minecraft.gravel":229,"stat.useItem.minecraft.stone_pickaxe":271,"stat.mineBlock.minecraft.dirt":37,"stat.useItem.minecraft.torch":74,"stat.pickup.minecraft.iron_nugget":3,"stat.useItem.minecraft.cobblestone":140,"stat.craftItem.minecraft.crafting_table":14,"stat.mineBlock.minecraft.double_plant":1,"stat.craftItem.iceandfire.stymphalian_bird_dagger":1,"stat.pickup.minecraft.log":315,"stat.drop.minecraft.sapling":1,"stat.pickup.minecraft.chicken":21,"stat.pickup.buildcrafttransport.waterproof":73,"stat.pickup.minecraft.sapling":11,"stat.pickup.minecraft.apple":6,"stat.craftItem.spartanshields.shield_tower_wood":1,"stat.craftItem.minecraft.planks":280,"stat.craftItem.iceandfire.stymphalian_feather_bundle":2,"stat.pickup.quark.frog_leg":1,"stat.mineBlock.minecraft.log":131,"stat.mineBlock.minecraft.waterlily":2,"stat.pickup.charm.bat_bucket":2,"stat.sneakTime":7066,"stat.useItem.minecraft.wooden_axe":46,"stat.pickup.minecraft.bone":8,"stat.mineBlock.quark.variant_leaves":3,"stat.mineBlock.minecraft.cobblestone":24,"stat.mineBlock.minecraft.slime":28,"stat.pickup.minecraft.stone_pickaxe":2,"stat.pickup.minecraft.flint":26,"stat.entityKilledBy.Witch":1,"stat.mineBlock.srparasites.gore":11,"stat.mineBlock.minecraft.brown_mushroom":1,"stat.mineBlock.charm.crate_sealed":4,"stat.swimOneCm":41663,"stat.drop.minecraft.saddle":1,"stat.climbOneCm":2844,"stat.mineBlock.quark.roots":1,"stat.drop.minecraft.brown_mushroom":1,"stat.craftItem.minecraft.arrow":60,"stat.useItem.minecraft.dirt":27,"stat.useItem.minecraft.stone_slab2":30,"stat.pickup.minecraft.bow":1,"stat.craftItem.minecraft.furnace":3,"stat.useItem.minecraft.egg":4,"stat.craftItem.minecraft.stone_pickaxe":2,"stat.craftItem.minecraft.cooked_beef":87,"stat.pickup.minecraft.cobblestone":888,"stat.craftItem.minecraft.bow":1,"stat.flyOneCm":313680,"stat.drop.minecraft.wheat_seeds":1,"stat.useItem.minecraft.cooked_beef":15,"stat.pickup.minecraft.redstone":222,"stat.mineBlock.minecraft.iron_ore":66,"stat.useItem.iceandfire.stymphalian_bird_dagger":25,"stat.timeSinceDeath":2019,"stat.craftItem.nocubessrpnests.wormtoothblade":4,"stat.mineBlock.minecraft.coal_ore":100,"stat.killEntity.Creeper":3,"stat.pickup.minecraft.string":28,"stat.craftItem.nocubessrpnests.crateorganicsample":1,"stat.craftItem.minecraft.stone_slab2":0,"stat.killEntity.Squid":1,"stat.sprintOneCm":241414,"stat.craftItem.minecraft.stick":116,"stat.craftItem.minecraft.wooden_axe":1,"stat.mineBlock.minecraft.diamond_ore":7,"stat.pickup.nocubessrpnests.organicsample":6,"stat.craftItem.iceandfire.stymphalian_arrow":8,"stat.useItem.minecraft.diamond_pickaxe":454,"stat.drop":10,"stat.pickup.minecraft.slime_ball":10,"stat.craftItem.minecraft.diamond_pickaxe":1,"stat.killEntity.Zombie":3,"stat.mineBlock.minecraft.gold_ore":22,"stat.diveOneCm":65522,"stat.craftItem.minecraft.slime_ball":63,"stat.pickup.minecraft.gravel":137,"stat.killEntity.Slime":10,"stat.useItem.minecraft.diamond_axe":129,"stat.pickup.minecraft.stone_axe":1,"stat.useItem.minecraft.apple":6,"stat.jump":1730,"stat.pickup.minecraft.coal":131,"stat.pickup.minecraft.iron_ingot":10,"stat.useItem.minecraft.stone_axe":219,"stat.pickup.minecraft.gunpowder":2,"stat.craftItem.minecraft.torch":188,"stat.pickup.minecraft.dirt":42,"stat.craftItem.nocubessrparmory.twistedpart":4,"stat.pickup.nocubessrpnests.wormtooth":48,"stat.pickup.minecraft.iron_ore":126,"stat.useItem.minecraft.sapling":6,"stat.pickup.minecraft.gold_ore":44,"stat.mineBlock.minecraft.lapis_ore":4,"stat.damageTaken":2615,"stat.pickup.minecraft.leather":204,"stat.mineBlock.minecraft.torch":9,"stat.useItem.minecraft.wooden_pickaxe":59,"stat.pickup.minecraft.diamond_axe":2,"stat.damageDealt":16703,"stat.killEntity.Cow":61,"stat.killEntity.Pig":8,"stat.walkOneCm":202680,"stat.pickup.minecraft.stick":15,"stat.pickup.minecraft.diamond_pickaxe":1,"stat.pickup.quark.root_flower":1,"stat.pickup.minecraft.cooked_beef":211,"stat.killEntity.Skeleton":3,"stat.killEntity.Chicken":22,"stat.killEntity.Spider":4,"stat.killEntity.stymphalianbird":1,"stat.mobKills":156,"stat.killEntity.quark:frog":1,"stat.craftItem.minecraft.shears":1,"stat.pickup.minecraft.diamond":7,"stat.mineBlock.minecraft.leaves":188,"stat.pickup.minecraft.torch":141,"stat.mineBlock.minecraft.redstone_ore":24,"stat.pickup.nocubessrparmory.twistedpart":4,"stat.mineBlock.minecraft.stone":708}