{"stat.pickup.minecraft.bone":3,"stat.craftItem.futuremc.smoker":2,"stat.entityKilledBy.stymphalianbird":3,"stat.pickup.minecraft.gravel":3,"stat.pickup.minecraft.arrow":10,"stat.mineBlock.minecraft.cobblestone":3,"stat.useItem.quark.frog_leg":1,"stat.killEntity.Slime":10,"stat.mineBlock.minecraft.slime":7,"stat.pickup.minecraft.stone_pickaxe":2,"stat.pickup.minecraft.stone_axe":1,"stat.entityKilledBy.Witch":1,"stat.useItem.minecraft.apple":6,"stat.mineBlock.srparasites.gore":8,"stat.mineBlock.minecraft.brown_mushroom":1,"stat.swimOneCm":18465,"stat.jump":800,"stat.pickup.minecraft.coal":53,"stat.fallOneCm":14769,"stat.useItem.minecraft.planks":19,"stat.climbOneCm":2154,"stat.useItem.minecraft.stone_axe":215,"stat.pickup.minecraft.porkchop":21,"stat.crouchOneCm":4303,"stat.mineBlock.gravestone.gravestone":3,"stat.craftItem.minecraft.torch":188,"stat.pickup.iceandfire.stymphalian_bird_feather":42,"stat.pickup.minecraft.dirt":17,"stat.useItem.minecraft.dirt":15,"stat.craftItem.nocubessrparmory.twistedpart":4,"stat.useItem.minecraft.stone_slab2":19,"stat.craftingTableInteraction":14,"stat.pickup.minecraft.iron_ore":6,"stat.craftItem.minecraft.furnace":2,"stat.useItem.minecraft.sapling":6,"stat.craftItem.minecraft.stone_axe":3,"stat.damageTaken":1415,"stat.pickup.minecraft.feather":30,"stat.pickup.minecraft.leather":142,"stat.craftItem.buildcrafttransport.waterproof":73,"stat.craftItem.minecraft.stone_pickaxe":2,"stat.mineBlock.minecraft.torch":1,"stat.useItem.minecraft.wooden_pickaxe":59,"stat.useItem.futuremc.smoker":1,"stat.craftItem.minecraft.cooked_beef":87,"stat.pickup.minecraft.slime":7,"stat.pickup.minecraft.cobblestone":197,"stat.pickup.minecraft.dye":2,"stat.pickup.minecraft.planks":4,"stat.flyOneCm":164278,"stat.pickup.minecraft.wheat_seeds":3,"stat.drop.minecraft.wheat_seeds":1,"stat.mineBlock.minecraft.gravel":3,"stat.useItem.minecraft.stone_pickaxe":214,"stat.useItem.minecraft.cooked_beef":7,"stat.pickup.quark.tallow":6,"stat.damageDealt":10899,"stat.mineBlock.minecraft.iron_ore":6,"stat.useItem.iceandfire.stymphalian_bird_dagger":9,"stat.timeSinceDeath":8946,"stat.killEntity.Cow":51,"stat.mineBlock.minecraft.dirt":3,"stat.pickup.minecraft.stained_hardened_clay":7,"stat.craftItem.minecraft.wooden_pickaxe":1,"stat.killEntity.Pig":4,"stat.pickup.minecraft.double_plant":1,"stat.walkOneCm":93674,"stat.useItem.minecraft.torch":6,"stat.drop.gravestone.death_info":3,"stat.pickup.minecraft.stick":4,"stat.pickup.minecraft.iron_nugget":3,"stat.mineBlock.minecraft.vine":1,"stat.useItem.minecraft.cobblestone":35,"stat.craftItem.minecraft.crafting_table":7,"stat.mineBlock.minecraft.double_plant":1,"stat.craftItem.iceandfire.stymphalian_bird_dagger":1,"stat.mineBlock.minecraft.coal_ore":53,"stat.pickup.srparasites.lurecomponent1":11,"stat.killEntity.Creeper":1,"stat.pickup.minecraft.log":255,"stat.pickup.minecraft.string":4,"stat.pickup.minecraft.beef":107,"stat.craftItem.minecraft.stone_slab2":0,"stat.drop.minecraft.sapling":1,"stat.pickup.minecraft.chicken":6,"stat.pickup.minecraft.sapling":10,"stat.killEntity.Squid":1,"stat.mineBlock.minecraft.stained_hardened_clay":7,"stat.sprintOneCm":133479,"stat.pickup.minecraft.apple":6,"stat.pickup.minecraft.cooked_beef":144,"stat.craftItem.minecraft.stick":84,"stat.craftItem.minecraft.wooden_axe":1,"stat.killEntity.Skeleton":2,"stat.craftItem.spartanshields.shield_tower_wood":1,"stat.killEntity.Horse":4,"stat.craftItem.minecraft.planks":236,"stat.killEntity.Chicken":6,"stat.pickup.quark.frog_leg":1,"stat.killEntity.Spider":1,"stat.killEntity.stymphalianbird":1,"stat.mobKills":91,"stat.killEntity.quark:frog":1,"stat.mineBlock.minecraft.log":131,"stat.pickup.iceandfire.stymphalian_bird_dagger":2,"stat.mineBlock.minecraft.waterlily":2,"stat.deaths":4,"stat.drop":5,"stat.mineBlock.minecraft.leaves":133,"stat.playOneMinute":47683,"stat.pickup.minecraft.torch":1,"stat.sneakTime":2907,"stat.pickup.minecraft.slime_ball":10,"stat.killEntity.Zombie":1,"stat.useItem.minecraft.wooden_axe":46,"stat.mineBlock.minecraft.stone":191,"stat.mineBlock.minecraft.tallgrass":45,"stat.diveOneCm":54722,"stat.craftItem.minecraft.slime_ball":63}