{"stat.chestOpened":1,"stat.leaveGame":1,"stat.pickup.minecraft.fishing_rod":1,"stat.jump":193,"stat.swimOneCm":262,"stat.fallOneCm":3745,"stat.climbOneCm":386,"stat.useItem.minecraft.planks":5,"stat.pickup.minecraft.carrot":31,"stat.craftItem.minecraft.bread":1,"stat.crouchOneCm":931,"stat.pickup.minecraft.red_mushroom":4,"stat.useItem.minecraft.stone_slab2":1,"stat.craftingTableInteraction":1,"stat.damageTaken":303,"stat.pickup.iceandfire.troll_leather_forest":3,"stat.pickup.minecraft.planks":18,"stat.pickup.minecraft.iron_leggings":1,"stat.flyOneCm":23506,"stat.pickup.minecraft.bed":1,"stat.pickup.minecraft.wheat_seeds":2,"stat.drop.iceandfire.troll_weapon.column_forest":1,"stat.damageDealt":1267,"stat.timeSinceDeath":466,"stat.walkOneCm":30741,"stat.useItem.minecraft.bread":1,"stat.pickup.spartanweaponry.staff_iron":1,"stat.pickup.minecraft.log":14,"stat.pickup.minecraft.string":2,"stat.killEntity.if_troll":1,"stat.sprintOneCm":26616,"stat.pickup.minecraft.wooden_door":1,"stat.craftItem.minecraft.planks":24,"stat.useItem.spartanweaponry.lance_iron":42,"stat.useItem.minecraft.carrot":3,"stat.mobKills":4,"stat.pickup.minecraft.book":3,"stat.mineBlock.minecraft.log":12,"stat.deaths":1,"stat.drop":1,"stat.mineBlock.minecraft.leaves":1,"stat.playOneMinute":15927,"stat.pickup.minecraft.torch":1,"stat.sneakTime":977,"stat.pickup.iceandfire.troll_weapon.column_forest":1,"stat.pickup.minecraft.item_frame":4,"stat.mineBlock.minecraft.tallgrass":2,"stat.pickup.minecraft.wheat":3}