{"stat.pickup.minecraft.bone":16,"stat.leaveGame":4,"stat.mineBlock.quark.variant_leaves":1,"stat.mineBlock.minecraft.cobblestone":13,"stat.pickup.minecraft.stone_pickaxe":4,"stat.pickup.minecraft.flint":8,"stat.entityKilledBy.Witch":2,"stat.swimOneCm":22347,"stat.climbOneCm":3068,"stat.useItem.minecraft.planks":2,"stat.pickup.minecraft.porkchop":60,"stat.mineBlock.gravestone.gravestone":2,"stat.pickup.iceandfire.stymphalian_bird_feather":26,"stat.useItem.minecraft.dirt":2,"stat.useItem.minecraft.stone_slab2":43,"stat.pickup.minecraft.bow":3,"stat.pickup.minecraft.sand":12,"stat.craftItem.minecraft.furnace":9,"stat.craftItem.minecraft.stone_axe":3,"stat.craftItem.minecraft.trapdoor":4,"stat.craftItem.minecraft.stone_pickaxe":7,"stat.useItem.spartanweaponry.lance_stone":76,"stat.craftItem.minecraft.cooked_beef":14,"stat.pickup.minecraft.cobblestone":953,"stat.mineBlock.minecraft.clay":13,"stat.craftItem.minecraft.stone_sword":1,"stat.flyOneCm":96276,"stat.mineBlock.minecraft.sand":4,"stat.useItem.minecraft.cooked_beef":14,"stat.mineBlock.futuremc.stripped_oak_log":28,"stat.pickup.quark.tallow":106,"stat.mineBlock.minecraft.iron_ore":8,"stat.timeSinceDeath":63348,"stat.craftItem.minecraft.wooden_pickaxe":1,"stat.mineBlock.quark.stone_andesite_bricks_stairs":18,"stat.pickup.spartanshields.shield_tower_wood":1,"stat.pickup.minecraft.stonebrick":83,"stat.furnaceInteraction":38,"stat.craftItem.spartanweaponry.material":5,"stat.mineBlock.minecraft.coal_ore":25,"stat.pickup.srparasites.lurecomponent1":2,"stat.pickup.minecraft.string":10,"stat.pickup.spartanweaponry.material":6,"stat.pickup.minecraft.beef":1,"stat.pickup.minecraft.furnace":9,"stat.craftItem.minecraft.stone_slab2":0,"stat.craftItem.spartanweaponry.lance_stone":1,"stat.craftItem.quark.stone_andesite_bricks_stairs":8,"stat.killEntity.Squid":2,"stat.useItem.minecraft.trapdoor":3,"stat.sprintOneCm":126927,"stat.pickup.futuremc.stripped_oak_log":28,"stat.mineBlock.minecraft.stone_slab":10,"stat.pickup.minecraft.skull":1,"stat.useItem.minecraft.stone_stairs":6,"stat.craftItem.minecraft.stick":40,"stat.useItem.minecraft.stone_slab":11,"stat.pickup.minecraft.stone_stairs":6,"stat.craftItem.minecraft.stone":193,"stat.pickup.futuremc.lily_of_the_valley":2,"stat.mineBlock.minecraft.crafting_table":6,"stat.mineBlock.quark.world_stone_bricks":2,"stat.deaths":2,"stat.drop":1,"stat.pickup.minecraft.egg":3,"stat.playOneMinute":97079,"stat.pickup.spartanweaponry.lance_stone":2,"stat.pickup.iceandfire.armor_gray_leggings":1,"stat.mineBlock.minecraft.tallgrass":14,"stat.diveOneCm":38665,"stat.chestOpened":102,"stat.pickup.minecraft.gravel":138,"stat.pickup.minecraft.arrow":18,"stat.pickup.quark.stone_andesite_bricks_stairs":18,"stat.pickup.minecraft.stone_axe":2,"stat.jump":831,"stat.pickup.minecraft.coal":63,"stat.fallOneCm":12471,"stat.pickup.minecraft.iron_ingot":10,"stat.drop.minecraft.stone":1,"stat.useItem.minecraft.stone_axe":177,"stat.crouchOneCm":6352,"stat.mineBlock.minecraft.chest":22,"stat.craftItem.minecraft.chest":64,"stat.pickup.minecraft.dirt":63,"stat.mineBlock.futuremc.lily_of_the_valley":1,"stat.craftingTableInteraction":43,"stat.pickup.minecraft.iron_ore":8,"stat.mineBlock.minecraft.stone_stairs":6,"stat.pickup.minecraft.feather":4,"stat.damageTaken":1450,"stat.pickup.minecraft.leather":4,"stat.mineBlock.minecraft.torch":5,"stat.mineBlock.minecraft.furnace":9,"stat.useItem.minecraft.wooden_pickaxe":59,"stat.useItem.minecraft.furnace":16,"stat.mineBlock.minecraft.sapling":1,"stat.pickup.minecraft.dye":8,"stat.pickup.minecraft.planks":43,"stat.pickup.minecraft.reeds":21,"stat.pickup.minecraft.wheat_seeds":10,"stat.pickup.futuremc.stonecutter":1,"stat.mineBlock.minecraft.gravel":54,"stat.useItem.minecraft.stone_pickaxe":883,"stat.useItem.minecraft.stone_sword":19,"stat.damageDealt":3963,"stat.killEntity.Cow":1,"stat.mineBlock.minecraft.dirt":26,"stat.useItem.minecraft.crafting_table":4,"stat.killEntity.Pig":10,"stat.craftItem.futuremc.stonecutter":1,"stat.craftItem.minecraft.stone_slab":12,"stat.walkOneCm":389577,"stat.useItem.minecraft.chest":78,"stat.pickup.minecraft.stick":7,"stat.pickup.minecraft.iron_nugget":12,"stat.pickup.minecraft.crafting_table":9,"stat.useItem.minecraft.log":207,"stat.pickup.minecraft.clay_ball":156,"stat.useItem.minecraft.cobblestone":111,"stat.craftItem.minecraft.crafting_table":1,"stat.useItem.minecraft.gravel":44,"stat.pickup.iceandfire.armor_gray_chestplate":1,"stat.pickup.minecraft.log":540,"stat.pickup.minecraft.stone":35,"stat.pickup.minecraft.chicken":6,"stat.pickup.minecraft.sapling":15,"stat.pickup.minecraft.apple":12,"stat.pickup.minecraft.cooked_beef":49,"stat.pickup.iceandfire.armor_gray_boots":1,"stat.killEntity.Skeleton":2,"stat.craftItem.spartanshields.shield_tower_wood":1,"stat.mineBlock.minecraft.stonebrick":82,"stat.craftItem.minecraft.planks":577,"stat.killEntity.Chicken":2,"stat.killEntity.Spider":2,"stat.pickup.quark.frog_leg":3,"stat.mineBlock.futuremc.stonecutter":1,"stat.pickup.minecraft.stone_sword":2,"stat.killEntity.stymphalianbird":2,"stat.pickup.quark.world_stone_bricks":2,"stat.mobKills":23,"stat.killEntity.quark:frog":1,"stat.useItem.minecraft.stonebrick":162,"stat.mineBlock.minecraft.log":161,"stat.pickup.iceandfire.armor_gray_helmet":1,"stat.pickup.minecraft.torch":6,"stat.craftItem.quark.world_stone_bricks":32,"stat.sneakTime":2474,"stat.useItem.futuremc.stripped_oak_log":16,"stat.pickup.minecraft.stone_slab":11,"stat.useItem.quark.stone_andesite_bricks_stairs":14,"stat.mineBlock.minecraft.stone":764,"stat.pickup.minecraft.chest":27}