{"stat.walkOneCm":47923,"stat.pickup.minecraft.bone":8,"stat.pickup.minecraft.stick":4,"stat.pickup.minecraft.iron_nugget":6,"stat.leaveGame":2,"stat.pickup.minecraft.gravel":96,"stat.mineBlock.quark.variant_leaves":1,"stat.pickup.minecraft.arrow":12,"stat.pickup.minecraft.crafting_table":4,"stat.pickup.minecraft.clay_ball":104,"stat.pickup.minecraft.stone_pickaxe":2,"stat.craftItem.minecraft.crafting_table":1,"stat.pickup.minecraft.flint":8,"stat.pickup.minecraft.stone_axe":1,"stat.entityKilledBy.Witch":1,"stat.craftItem.spartanweaponry.material":5,"stat.pickup.minecraft.log":187,"stat.pickup.minecraft.string":7,"stat.pickup.spartanweaponry.material":3,"stat.swimOneCm":14387,"stat.jump":354,"stat.fallOneCm":4605,"stat.climbOneCm":1993,"stat.useItem.minecraft.planks":2,"stat.pickup.minecraft.beef":1,"stat.useItem.minecraft.stone_axe":71,"stat.craftItem.minecraft.stone_slab2":0,"stat.pickup.minecraft.porkchop":34,"stat.craftItem.spartanweaponry.lance_stone":1,"stat.crouchOneCm":198,"stat.pickup.minecraft.chicken":4,"stat.mineBlock.gravestone.gravestone":1,"stat.pickup.minecraft.sapling":7,"stat.killEntity.Squid":2,"stat.pickup.iceandfire.stymphalian_bird_feather":13,"stat.pickup.minecraft.dirt":2,"stat.sprintOneCm":52732,"stat.useItem.minecraft.stone_slab2":6,"stat.pickup.minecraft.bow":2,"stat.pickup.minecraft.apple":8,"stat.mineBlock.futuremc.lily_of_the_valley":1,"stat.pickup.minecraft.cooked_beef":34,"stat.craftItem.minecraft.stick":20,"stat.craftingTableInteraction":12,"stat.killEntity.Skeleton":2,"stat.pickup.minecraft.sand":8,"stat.craftItem.spartanshields.shield_tower_wood":1,"stat.craftItem.minecraft.planks":64,"stat.pickup.futuremc.lily_of_the_valley":2,"stat.killEntity.Chicken":2,"stat.craftItem.minecraft.stone_axe":1,"stat.mineBlock.minecraft.crafting_table":3,"stat.pickup.minecraft.leather":3,"stat.damageTaken":880,"stat.killEntity.Spider":1,"stat.pickup.minecraft.feather":4,"stat.pickup.quark.frog_leg":2,"stat.pickup.minecraft.stone_sword":1,"stat.craftItem.minecraft.stone_pickaxe":2,"stat.useItem.minecraft.wooden_pickaxe":59,"stat.craftItem.minecraft.cooked_beef":14,"stat.useItem.spartanweaponry.lance_stone":40,"stat.killEntity.stymphalianbird":2,"stat.pickup.minecraft.cobblestone":108,"stat.mobKills":18,"stat.mineBlock.minecraft.sapling":1,"stat.killEntity.quark:frog":1,"stat.mineBlock.minecraft.log":110,"stat.pickup.minecraft.dye":4,"stat.mineBlock.minecraft.clay":13,"stat.pickup.minecraft.planks":1,"stat.pickup.minecraft.reeds":14,"stat.craftItem.minecraft.stone_sword":1,"stat.flyOneCm":53111,"stat.deaths":1,"stat.pickup.minecraft.wheat_seeds":1,"stat.mineBlock.minecraft.sand":4,"stat.pickup.minecraft.egg":2,"stat.playOneMinute":30577,"stat.mineBlock.minecraft.gravel":52,"stat.useItem.minecraft.cooked_beef":7,"stat.useItem.minecraft.stone_sword":19,"stat.sneakTime":251,"stat.pickup.quark.tallow":34,"stat.damageDealt":2556,"stat.pickup.spartanweaponry.lance_stone":1,"stat.timeSinceDeath":7364,"stat.killEntity.Cow":1,"stat.mineBlock.minecraft.dirt":2,"stat.craftItem.minecraft.wooden_pickaxe":1,"stat.mineBlock.minecraft.stone":60,"stat.killEntity.Pig":7,"stat.mineBlock.minecraft.tallgrass":5,"stat.diveOneCm":33399}