{"stat.pickup.minecraft.bone":16,"stat.leaveGame":4,"stat.mineBlock.quark.variant_leaves":1,"stat.mineBlock.minecraft.cobblestone":13,"stat.pickup.minecraft.stone_pickaxe":7,"stat.pickup.minecraft.flint":8,"stat.entityKilledBy.Witch":2,"stat.swimOneCm":27849,"stat.climbOneCm":3220,"stat.useItem.minecraft.planks":2,"stat.pickup.minecraft.porkchop":60,"stat.mineBlock.gravestone.gravestone":3,"stat.pickup.iceandfire.stymphalian_bird_feather":26,"stat.useItem.minecraft.dirt":2,"stat.useItem.minecraft.stone_slab2":60,"stat.pickup.minecraft.bow":3,"stat.pickup.minecraft.sand":12,"stat.craftItem.minecraft.furnace":17,"stat.craftItem.minecraft.stone_axe":4,"stat.craftItem.minecraft.trapdoor":4,"stat.craftItem.minecraft.stone_pickaxe":20,"stat.useItem.spartanweaponry.lance_stone":136,"stat.craftItem.minecraft.cooked_beef":14,"stat.pickup.minecraft.cobblestone":2354,"stat.mineBlock.minecraft.clay":13,"stat.craftItem.minecraft.stone_sword":2,"stat.flyOneCm":161860,"stat.drop.quark.frog_leg":2,"stat.mineBlock.minecraft.sand":4,"stat.useItem.minecraft.cooked_beef":18,"stat.mineBlock.futuremc.stripped_oak_log":37,"stat.pickup.quark.tallow":106,"stat.pickup.minecraft.redstone":45,"stat.mineBlock.minecraft.iron_ore":90,"stat.timeSinceDeath":21735,"stat.useItem.minecraft.iron_pickaxe":500,"stat.craftItem.minecraft.wooden_pickaxe":1,"stat.mineBlock.quark.stone_andesite_bricks_stairs":18,"stat.pickup.minecraft.mutton":10,"stat.pickup.minecraft.double_plant":2,"stat.drop.gravestone.death_info":1,"stat.pickup.spartanshields.shield_tower_wood":2,"stat.pickup.minecraft.stonebrick":91,"stat.furnaceInteraction":76,"stat.craftItem.spartanweaponry.material":5,"stat.drop.spartanshields.shield_tower_wood":2,"stat.mineBlock.minecraft.coal_ore":89,"stat.pickup.srparasites.lurecomponent1":2,"stat.pickup.minecraft.string":10,"stat.pickup.spartanweaponry.material":6,"stat.pickup.minecraft.beef":3,"stat.pickup.minecraft.furnace":9,"stat.craftItem.minecraft.stone_slab2":0,"stat.craftItem.spartanweaponry.lance_stone":1,"stat.craftItem.quark.stone_andesite_bricks_stairs":8,"stat.killEntity.Squid":2,"stat.useItem.minecraft.trapdoor":3,"stat.sprintOneCm":223937,"stat.pickup.futuremc.stripped_oak_log":37,"stat.mineBlock.minecraft.stone_slab":10,"stat.pickup.spartanshields.shield_tower_iron":1,"stat.pickup.minecraft.skull":1,"stat.useItem.minecraft.stone_stairs":6,"stat.craftItem.minecraft.stick":40,"stat.pickup.minecraft.bone_block":4,"stat.useItem.minecraft.stone_slab":11,"stat.killEntity.Horse":4,"stat.pickup.minecraft.stone_stairs":6,"stat.craftItem.minecraft.stone":797,"stat.pickup.futuremc.lily_of_the_valley":2,"stat.mineBlock.minecraft.diamond_ore":3,"stat.mineBlock.minecraft.crafting_table":7,"stat.mineBlock.quark.world_stone_bricks":2,"stat.deaths":3,"stat.drop":7,"stat.pickup.minecraft.egg":3,"stat.playOneMinute":133079,"stat.killEntity.Sheep":7,"stat.craftItem.minecraft.iron_pickaxe":2,"stat.pickup.spartanweaponry.lance_stone":3,"stat.pickup.iceandfire.armor_gray_leggings":2,"stat.mineBlock.minecraft.tallgrass":16,"stat.diveOneCm":56180,"stat.chestOpened":168,"stat.pickup.minecraft.gravel":138,"stat.pickup.minecraft.arrow":18,"stat.pickup.quark.stone_andesite_bricks_stairs":18,"stat.pickup.minecraft.stone_axe":4,"stat.pickup.minecraft.gold_nugget":107,"stat.jump":1322,"stat.pickup.minecraft.coal":105,"stat.fallOneCm":19031,"stat.pickup.minecraft.iron_ingot":10,"stat.drop.minecraft.stone":1,"stat.useItem.minecraft.stone_axe":218,"stat.drop.minecraft.stone_sword":1,"stat.crouchOneCm":7167,"stat.mineBlock.minecraft.chest":22,"stat.craftItem.minecraft.chest":64,"stat.craftItem.minecraft.iron_ingot":8,"stat.craftItem.minecraft.torch":84,"stat.pickup.minecraft.dirt":63,"stat.mineBlock.futuremc.lily_of_the_valley":1,"stat.craftingTableInteraction":55,"stat.pickup.minecraft.iron_ore":90,"stat.pickup.iceandfire.shiny_scales":2,"stat.mineBlock.minecraft.lapis_ore":2,"stat.mineBlock.minecraft.stone_stairs":6,"stat.pickup.minecraft.feather":6,"stat.damageTaken":1701,"stat.pickup.minecraft.leather":5,"stat.mineBlock.minecraft.torch":10,"stat.mineBlock.minecraft.furnace":9,"stat.useItem.minecraft.wooden_pickaxe":59,"stat.useItem.minecraft.furnace":23,"stat.killEntity.hippocampus":1,"stat.mineBlock.minecraft.sapling":1,"stat.pickup.minecraft.dye":8,"stat.pickup.minecraft.planks":93,"stat.pickup.minecraft.reeds":21,"stat.pickup.minecraft.wheat_seeds":12,"stat.pickup.futuremc.stonecutter":1,"stat.mineBlock.minecraft.gravel":54,"stat.useItem.minecraft.stone_pickaxe":1711,"stat.useItem.minecraft.stone_sword":20,"stat.damageDealt":6014,"stat.killEntity.Cow":2,"stat.mineBlock.minecraft.dirt":26,"stat.useItem.minecraft.crafting_table":4,"stat.killEntity.Pig":10,"stat.craftItem.futuremc.stonecutter":1,"stat.craftItem.minecraft.stone_slab":12,"stat.walkOneCm":530909,"stat.useItem.minecraft.torch":12,"stat.useItem.minecraft.chest":78,"stat.pickup.minecraft.stick":51,"stat.pickup.minecraft.iron_nugget":12,"stat.pickup.minecraft.crafting_table":10,"stat.useItem.minecraft.log":265,"stat.pickup.minecraft.clay_ball":156,"stat.useItem.minecraft.cobblestone":212,"stat.craftItem.minecraft.crafting_table":3,"stat.useItem.minecraft.gravel":44,"stat.pickup.iceandfire.armor_gray_chestplate":2,"stat.pickup.minecraft.log":569,"stat.pickup.minecraft.iron_pickaxe":2,"stat.craftItem.usefulbackpacks.backpack":3,"stat.pickup.minecraft.stone":35,"stat.pickup.minecraft.chicken":7,"stat.pickup.minecraft.sapling":15,"stat.pickup.minecraft.apple":12,"stat.pickup.minecraft.cooked_beef":56,"stat.pickup.iceandfire.armor_gray_boots":2,"stat.killEntity.Skeleton":2,"stat.craftItem.spartanshields.shield_tower_wood":2,"stat.mineBlock.iceandfire.goldpile":19,"stat.mineBlock.minecraft.stonebrick":90,"stat.craftItem.minecraft.planks":577,"stat.killEntity.Chicken":3,"stat.killEntity.Spider":2,"stat.pickup.quark.frog_leg":4,"stat.mineBlock.futuremc.stonecutter":1,"stat.pickup.minecraft.stone_sword":3,"stat.killEntity.stymphalianbird":2,"stat.pickup.quark.world_stone_bricks":2,"stat.mobKills":37,"stat.killEntity.quark:frog":1,"stat.useItem.minecraft.stonebrick":183,"stat.mineBlock.minecraft.log":190,"stat.craftItem.minecraft.shears":1,"stat.pickup.minecraft.diamond":3,"stat.pickup.iceandfire.armor_gray_helmet":2,"stat.pickup.minecraft.torch":21,"stat.craftItem.quark.world_stone_bricks":32,"stat.mineBlock.minecraft.redstone_ore":10,"stat.sneakTime":2693,"stat.pickup.minecraft.wool":29,"stat.useItem.futuremc.stripped_oak_log":21,"stat.pickup.minecraft.stone_slab":11,"stat.useItem.quark.stone_andesite_bricks_stairs":14,"stat.mineBlock.minecraft.stone":1911,"stat.pickup.minecraft.chest":27,"stat.craftItem.spartanshields.shield_tower_iron":1}