{"stat.pickup.minecraft.bone":16,"stat.leaveGame":4,"stat.mineBlock.quark.variant_leaves":1,"stat.mineBlock.minecraft.cobblestone":13,"stat.pickup.minecraft.stone_pickaxe":4,"stat.pickup.minecraft.flint":8,"stat.entityKilledBy.Witch":2,"stat.swimOneCm":22347,"stat.climbOneCm":3068,"stat.useItem.minecraft.planks":2,"stat.pickup.minecraft.porkchop":60,"stat.mineBlock.gravestone.gravestone":2,"stat.pickup.iceandfire.stymphalian_bird_feather":26,"stat.useItem.minecraft.dirt":2,"stat.useItem.minecraft.stone_slab2":30,"stat.pickup.minecraft.bow":3,"stat.pickup.minecraft.sand":12,"stat.craftItem.minecraft.furnace":9,"stat.craftItem.minecraft.stone_axe":2,"stat.craftItem.minecraft.stone_pickaxe":6,"stat.useItem.spartanweaponry.lance_stone":72,"stat.craftItem.minecraft.cooked_beef":14,"stat.pickup.minecraft.cobblestone":888,"stat.mineBlock.minecraft.clay":13,"stat.craftItem.minecraft.stone_sword":1,"stat.flyOneCm":88258,"stat.mineBlock.minecraft.sand":4,"stat.useItem.minecraft.cooked_beef":10,"stat.mineBlock.futuremc.stripped_oak_log":23,"stat.pickup.quark.tallow":106,"stat.mineBlock.minecraft.iron_ore":8,"stat.timeSinceDeath":33348,"stat.craftItem.minecraft.wooden_pickaxe":1,"stat.pickup.spartanshields.shield_tower_wood":1,"stat.furnaceInteraction":2,"stat.craftItem.spartanweaponry.material":5,"stat.mineBlock.minecraft.coal_ore":25,"stat.pickup.minecraft.string":10,"stat.pickup.spartanweaponry.material":6,"stat.pickup.minecraft.beef":1,"stat.craftItem.minecraft.stone_slab2":0,"stat.craftItem.spartanweaponry.lance_stone":1,"stat.killEntity.Squid":2,"stat.sprintOneCm":98243,"stat.pickup.futuremc.stripped_oak_log":23,"stat.craftItem.minecraft.stick":36,"stat.craftItem.minecraft.stone":3,"stat.pickup.futuremc.lily_of_the_valley":2,"stat.mineBlock.minecraft.crafting_table":5,"stat.deaths":2,"stat.pickup.minecraft.egg":3,"stat.playOneMinute":67079,"stat.pickup.spartanweaponry.lance_stone":2,"stat.pickup.iceandfire.armor_gray_leggings":1,"stat.mineBlock.minecraft.tallgrass":14,"stat.diveOneCm":38665,"stat.chestOpened":60,"stat.pickup.minecraft.gravel":138,"stat.pickup.minecraft.arrow":18,"stat.pickup.minecraft.stone_axe":2,"stat.jump":659,"stat.pickup.minecraft.coal":22,"stat.fallOneCm":11306,"stat.pickup.minecraft.iron_ingot":10,"stat.useItem.minecraft.stone_axe":149,"stat.crouchOneCm":6044,"stat.mineBlock.minecraft.chest":22,"stat.craftItem.minecraft.chest":64,"stat.pickup.minecraft.dirt":63,"stat.mineBlock.futuremc.lily_of_the_valley":1,"stat.craftingTableInteraction":35,"stat.pickup.minecraft.iron_ore":8,"stat.pickup.minecraft.feather":4,"stat.damageTaken":1450,"stat.pickup.minecraft.leather":4,"stat.mineBlock.minecraft.torch":1,"stat.useItem.minecraft.wooden_pickaxe":59,"stat.mineBlock.minecraft.sapling":1,"stat.pickup.minecraft.dye":8,"stat.pickup.minecraft.planks":43,"stat.pickup.minecraft.reeds":21,"stat.pickup.minecraft.wheat_seeds":10,"stat.mineBlock.minecraft.gravel":54,"stat.useItem.minecraft.stone_pickaxe":663,"stat.useItem.minecraft.stone_sword":19,"stat.damageDealt":3809,"stat.killEntity.Cow":1,"stat.mineBlock.minecraft.dirt":26,"stat.useItem.minecraft.crafting_table":3,"stat.killEntity.Pig":10,"stat.craftItem.futuremc.stonecutter":1,"stat.walkOneCm":196892,"stat.useItem.minecraft.chest":78,"stat.pickup.minecraft.stick":7,"stat.pickup.minecraft.iron_nugget":12,"stat.pickup.minecraft.crafting_table":8,"stat.useItem.minecraft.log":62,"stat.pickup.minecraft.clay_ball":156,"stat.useItem.minecraft.cobblestone":76,"stat.craftItem.minecraft.crafting_table":1,"stat.useItem.minecraft.gravel":44,"stat.pickup.iceandfire.armor_gray_chestplate":1,"stat.pickup.minecraft.log":326,"stat.pickup.minecraft.chicken":6,"stat.pickup.minecraft.sapling":15,"stat.pickup.minecraft.apple":12,"stat.pickup.minecraft.cooked_beef":49,"stat.pickup.iceandfire.armor_gray_boots":1,"stat.killEntity.Skeleton":2,"stat.craftItem.spartanshields.shield_tower_wood":1,"stat.craftItem.minecraft.planks":561,"stat.killEntity.Chicken":2,"stat.killEntity.Spider":2,"stat.pickup.quark.frog_leg":3,"stat.pickup.minecraft.stone_sword":2,"stat.killEntity.stymphalianbird":2,"stat.mobKills":22,"stat.killEntity.quark:frog":1,"stat.mineBlock.minecraft.log":139,"stat.pickup.iceandfire.armor_gray_helmet":1,"stat.pickup.minecraft.torch":2,"stat.sneakTime":2410,"stat.useItem.futuremc.stripped_oak_log":15,"stat.mineBlock.minecraft.stone":673,"stat.pickup.minecraft.chest":27}