{"stat.pickup.minecraft.bone":16,"stat.leaveGame":3,"stat.pickup.minecraft.gravel":136,"stat.mineBlock.quark.variant_leaves":1,"stat.pickup.minecraft.arrow":18,"stat.pickup.minecraft.stone_pickaxe":4,"stat.pickup.minecraft.flint":8,"stat.pickup.minecraft.stone_axe":2,"stat.entityKilledBy.Witch":2,"stat.swimOneCm":22241,"stat.jump":498,"stat.fallOneCm":7689,"stat.climbOneCm":2863,"stat.useItem.minecraft.planks":2,"stat.pickup.minecraft.iron_ingot":10,"stat.useItem.minecraft.stone_axe":88,"stat.pickup.minecraft.porkchop":57,"stat.crouchOneCm":1210,"stat.mineBlock.gravestone.gravestone":2,"stat.pickup.iceandfire.stymphalian_bird_feather":26,"stat.pickup.minecraft.dirt":3,"stat.useItem.minecraft.stone_slab2":6,"stat.pickup.minecraft.bow":3,"stat.mineBlock.futuremc.lily_of_the_valley":1,"stat.craftingTableInteraction":12,"stat.pickup.minecraft.sand":12,"stat.craftItem.minecraft.stone_axe":1,"stat.pickup.minecraft.feather":4,"stat.damageTaken":1450,"stat.pickup.minecraft.leather":4,"stat.craftItem.minecraft.stone_pickaxe":2,"stat.useItem.spartanweaponry.lance_stone":70,"stat.craftItem.minecraft.cooked_beef":14,"stat.useItem.minecraft.wooden_pickaxe":59,"stat.pickup.minecraft.cobblestone":156,"stat.mineBlock.minecraft.sapling":1,"stat.pickup.minecraft.dye":8,"stat.mineBlock.minecraft.clay":13,"stat.pickup.minecraft.planks":40,"stat.pickup.minecraft.reeds":21,"stat.craftItem.minecraft.stone_sword":1,"stat.flyOneCm":73755,"stat.pickup.minecraft.wheat_seeds":4,"stat.mineBlock.minecraft.sand":4,"stat.mineBlock.minecraft.gravel":52,"stat.useItem.minecraft.cooked_beef":10,"stat.useItem.minecraft.stone_sword":19,"stat.pickup.quark.tallow":57,"stat.damageDealt":3706,"stat.timeSinceDeath":2311,"stat.killEntity.Cow":1,"stat.mineBlock.minecraft.dirt":3,"stat.craftItem.minecraft.wooden_pickaxe":1,"stat.killEntity.Pig":9,"stat.walkOneCm":62954,"stat.pickup.minecraft.stick":7,"stat.pickup.spartanshields.shield_tower_wood":1,"stat.pickup.minecraft.iron_nugget":12,"stat.pickup.minecraft.crafting_table":6,"stat.pickup.minecraft.clay_ball":156,"stat.craftItem.minecraft.crafting_table":1,"stat.useItem.minecraft.gravel":8,"stat.craftItem.spartanweaponry.material":5,"stat.pickup.minecraft.log":313,"stat.pickup.minecraft.string":10,"stat.pickup.spartanweaponry.material":6,"stat.pickup.minecraft.beef":1,"stat.craftItem.minecraft.stone_slab2":0,"stat.craftItem.spartanweaponry.lance_stone":1,"stat.pickup.minecraft.chicken":6,"stat.killEntity.Squid":2,"stat.pickup.minecraft.sapling":11,"stat.sprintOneCm":68260,"stat.pickup.minecraft.apple":12,"stat.pickup.minecraft.cooked_beef":49,"stat.craftItem.minecraft.stick":20,"stat.killEntity.Skeleton":2,"stat.craftItem.spartanshields.shield_tower_wood":1,"stat.craftItem.minecraft.planks":64,"stat.pickup.futuremc.lily_of_the_valley":2,"stat.killEntity.Chicken":2,"stat.killEntity.Spider":2,"stat.mineBlock.minecraft.crafting_table":3,"stat.pickup.quark.frog_leg":3,"stat.pickup.minecraft.stone_sword":2,"stat.killEntity.stymphalianbird":2,"stat.mobKills":21,"stat.killEntity.quark:frog":1,"stat.mineBlock.minecraft.log":126,"stat.deaths":2,"stat.pickup.minecraft.egg":3,"stat.playOneMinute":36042,"stat.sneakTime":771,"stat.pickup.spartanweaponry.lance_stone":2,"stat.mineBlock.minecraft.stone":60,"stat.mineBlock.minecraft.tallgrass":9,"stat.diveOneCm":38665}