{"stat.walkOneCm":28759,"stat.pickup.minecraft.bone":4,"stat.leaveGame":2,"stat.pickup.minecraft.gravel":48,"stat.pickup.minecraft.arrow":6,"stat.pickup.minecraft.crafting_table":2,"stat.pickup.minecraft.clay_ball":52,"stat.craftItem.minecraft.crafting_table":1,"stat.pickup.minecraft.flint":4,"stat.craftItem.spartanweaponry.material":5,"stat.pickup.minecraft.log":61,"stat.pickup.minecraft.string":2,"stat.swimOneCm":2170,"stat.jump":97,"stat.fallOneCm":418,"stat.pickup.minecraft.beef":1,"stat.useItem.minecraft.stone_axe":3,"stat.craftItem.minecraft.stone_slab2":0,"stat.craftItem.spartanweaponry.lance_stone":1,"stat.crouchOneCm":9,"stat.pickup.minecraft.sapling":3,"stat.pickup.minecraft.dirt":2,"stat.sprintOneCm":14567,"stat.useItem.minecraft.stone_slab2":5,"stat.pickup.minecraft.bow":1,"stat.pickup.minecraft.apple":3,"stat.mineBlock.futuremc.lily_of_the_valley":1,"stat.craftItem.minecraft.stick":20,"stat.craftingTableInteraction":6,"stat.killEntity.Skeleton":2,"stat.pickup.minecraft.sand":4,"stat.craftItem.minecraft.planks":20,"stat.pickup.futuremc.lily_of_the_valley":1,"stat.craftItem.minecraft.stone_axe":1,"stat.mineBlock.minecraft.crafting_table":2,"stat.pickup.minecraft.leather":2,"stat.damageTaken":180,"stat.killEntity.Spider":1,"stat.craftItem.minecraft.stone_pickaxe":2,"stat.useItem.minecraft.wooden_pickaxe":59,"stat.craftItem.minecraft.cooked_beef":14,"stat.pickup.minecraft.cobblestone":60,"stat.mobKills":4,"stat.mineBlock.minecraft.sapling":1,"stat.mineBlock.minecraft.log":61,"stat.mineBlock.minecraft.clay":13,"stat.pickup.minecraft.reeds":3,"stat.craftItem.minecraft.stone_sword":1,"stat.flyOneCm":10394,"stat.mineBlock.minecraft.sand":4,"stat.playOneMinute":18577,"stat.mineBlock.minecraft.gravel":52,"stat.useItem.minecraft.cooked_beef":1,"stat.useItem.minecraft.stone_sword":19,"stat.sneakTime":40,"stat.damageDealt":691,"stat.timeSinceDeath":18577,"stat.killEntity.Cow":1,"stat.mineBlock.minecraft.dirt":2,"stat.craftItem.minecraft.wooden_pickaxe":1,"stat.mineBlock.minecraft.stone":60,"stat.mineBlock.minecraft.tallgrass":1,"stat.diveOneCm":4068}