{"stat.chestOpened":1,"stat.pickup.minecraft.bone":2,"stat.leaveGame":2,"stat.pickup.minecraft.arrow":2,"stat.craftItem.minecraft.cooked_porkchop":2,"stat.mineBlock.minecraft.stained_glass":4,"stat.jump":231,"stat.swimOneCm":3447,"stat.climbOneCm":6434,"stat.fallOneCm":3137,"stat.craftItem.minecraft.shield":1,"stat.useItem.minecraft.stone_axe":13,"stat.pickup.minecraft.porkchop":17,"stat.pickup.minecraft.gunpowder":3,"stat.crouchOneCm":1026,"stat.pickup.minecraft.spider_eye":1,"stat.pickup.minecraft.dirt":5,"stat.useItem.minecraft.dirt":3,"stat.useItem.minecraft.stone_slab2":8,"stat.craftingTableInteraction":4,"stat.pickup.minecraft.rotten_flesh":13,"stat.entityKilledBy.Spider":1,"stat.craftItem.minecraft.stone_axe":1,"stat.mineBlock.minecraft.log2":8,"stat.damageTaken":380,"stat.pickup.minecraft.leather":3,"stat.mineBlock.minecraft.furnace":1,"stat.craftItem.minecraft.stone_pickaxe":1,"stat.useItem.minecraft.wooden_pickaxe":117,"stat.pickup.minecraft.cobblestone":54,"stat.craftItem.minecraft.wooden_sword":1,"stat.pickup.minecraft.log2":8,"stat.craftItem.minecraft.stone_sword":1,"stat.flyOneCm":35952,"tombstone:undead_killed":11,"stat.useItem.minecraft.stone_pickaxe":1,"stat.mineBlock.minecraft.glass":4,"stat.useItem.minecraft.stone_sword":32,"stat.damageDealt":4195,"stat.timeSinceDeath":0,"stat.killEntity.Cow":3,"stat.mineBlock.minecraft.dirt":5,"stat.pickup.minecraft.stained_hardened_clay":61,"stat.craftItem.minecraft.wooden_pickaxe":2,"stat.killEntity.Pig":8,"stat.walkOneCm":34993,"stat.pickup.minecraft.crafting_table":2,"stat.useItem.minecraft.cobblestone":17,"stat.furnaceInteraction":7,"stat.craftItem.minecraft.crafting_table":1,"stat.useItem.minecraft.cooked_porkchop":2,"stat.mineBlock.futuremc.cornflower":1,"stat.killEntity.Creeper":2,"stat.pickup.minecraft.string":3,"stat.pickup.minecraft.beef":6,"stat.pickup.minecraft.furnace":1,"stat.pickup.tombstone.crafting_ingredient":2,"stat.craftItem.minecraft.stone_slab2":0,"stat.useItem.minecraft.stained_hardened_clay":33,"stat.mineBlock.minecraft.stained_hardened_clay":61,"stat.sprintOneCm":33583,"stat.pickup.minecraft.ladder":2,"stat.craftItem.minecraft.stick":12,"stat.craftItem.minecraft.wooden_axe":1,"stat.killEntity.Skeleton":3,"stat.craftItem.minecraft.planks":32,"stat.pickup.futuremc.cornflower":1,"stat.mineBlock.minecraft.crafting_table":2,"stat.killEntity.Spider":3,"stat.mobKills":27,"stat.pickup.minecraft.book":21,"stat.mineBlock.minecraft.bookshelf":7,"stat.deaths":1,"stat.playOneMinute":11890,"stat.useItem.minecraft.wooden_sword":47,"stat.sneakTime":338,"stat.killEntity.Zombie":8,"stat.useItem.minecraft.wooden_axe":9,"stat.mineBlock.minecraft.stone":54,"stat.mineBlock.minecraft.tallgrass":8,"stat.diveOneCm":2732}