{"stat.pickup.minecraft.bone":16,"stat.leaveGame":4,"stat.mineBlock.quark.variant_leaves":1,"stat.pickup.minecraft.stone_pickaxe":4,"stat.pickup.minecraft.flint":8,"stat.entityKilledBy.Witch":2,"stat.swimOneCm":22347,"stat.climbOneCm":3068,"stat.useItem.minecraft.planks":2,"stat.pickup.minecraft.porkchop":60,"stat.mineBlock.gravestone.gravestone":2,"stat.pickup.iceandfire.stymphalian_bird_feather":26,"stat.useItem.minecraft.stone_slab2":12,"stat.pickup.minecraft.bow":3,"stat.pickup.minecraft.sand":12,"stat.craftItem.minecraft.stone_axe":1,"stat.craftItem.minecraft.stone_pickaxe":2,"stat.useItem.spartanweaponry.lance_stone":72,"stat.craftItem.minecraft.cooked_beef":14,"stat.pickup.minecraft.cobblestone":302,"stat.mineBlock.minecraft.clay":13,"stat.craftItem.minecraft.stone_sword":1,"stat.flyOneCm":81562,"stat.mineBlock.minecraft.sand":4,"stat.useItem.minecraft.cooked_beef":10,"stat.pickup.quark.tallow":60,"stat.timeSinceDeath":9348,"stat.craftItem.minecraft.wooden_pickaxe":1,"stat.pickup.spartanshields.shield_tower_wood":1,"stat.craftItem.spartanweaponry.material":5,"stat.mineBlock.minecraft.coal_ore":22,"stat.pickup.minecraft.string":10,"stat.pickup.spartanweaponry.material":6,"stat.pickup.minecraft.beef":1,"stat.craftItem.minecraft.stone_slab2":0,"stat.craftItem.spartanweaponry.lance_stone":1,"stat.killEntity.Squid":2,"stat.sprintOneCm":77365,"stat.craftItem.minecraft.stick":20,"stat.pickup.futuremc.lily_of_the_valley":2,"stat.mineBlock.minecraft.crafting_table":4,"stat.deaths":2,"stat.pickup.minecraft.egg":3,"stat.playOneMinute":43079,"stat.pickup.spartanweaponry.lance_stone":2,"stat.pickup.iceandfire.armor_gray_leggings":1,"stat.mineBlock.minecraft.tallgrass":14,"stat.diveOneCm":38665,"stat.pickup.minecraft.gravel":138,"stat.pickup.minecraft.arrow":18,"stat.pickup.minecraft.stone_axe":2,"stat.jump":551,"stat.pickup.minecraft.coal":22,"stat.fallOneCm":8734,"stat.pickup.minecraft.iron_ingot":10,"stat.useItem.minecraft.stone_axe":101,"stat.crouchOneCm":1418,"stat.mineBlock.minecraft.chest":4,"stat.craftItem.minecraft.chest":20,"stat.pickup.minecraft.dirt":25,"stat.mineBlock.futuremc.lily_of_the_valley":1,"stat.craftingTableInteraction":18,"stat.pickup.minecraft.feather":4,"stat.damageTaken":1450,"stat.pickup.minecraft.leather":4,"stat.useItem.minecraft.wooden_pickaxe":59,"stat.mineBlock.minecraft.sapling":1,"stat.pickup.minecraft.dye":8,"stat.pickup.minecraft.planks":43,"stat.pickup.minecraft.reeds":21,"stat.pickup.minecraft.wheat_seeds":6,"stat.mineBlock.minecraft.gravel":54,"stat.useItem.minecraft.stone_pickaxe":168,"stat.useItem.minecraft.stone_sword":19,"stat.damageDealt":3806,"stat.killEntity.Cow":1,"stat.mineBlock.minecraft.dirt":14,"stat.useItem.minecraft.crafting_table":2,"stat.killEntity.Pig":10,"stat.walkOneCm":86918,"stat.useItem.minecraft.chest":15,"stat.pickup.minecraft.stick":7,"stat.pickup.minecraft.iron_nugget":12,"stat.pickup.minecraft.crafting_table":7,"stat.pickup.minecraft.clay_ball":156,"stat.useItem.minecraft.cobblestone":17,"stat.craftItem.minecraft.crafting_table":1,"stat.useItem.minecraft.gravel":44,"stat.pickup.iceandfire.armor_gray_chestplate":1,"stat.pickup.minecraft.log":321,"stat.pickup.minecraft.chicken":6,"stat.pickup.minecraft.sapling":11,"stat.pickup.minecraft.apple":12,"stat.pickup.minecraft.cooked_beef":49,"stat.pickup.iceandfire.armor_gray_boots":1,"stat.killEntity.Skeleton":2,"stat.craftItem.spartanshields.shield_tower_wood":1,"stat.craftItem.minecraft.planks":185,"stat.killEntity.Chicken":2,"stat.killEntity.Spider":2,"stat.pickup.quark.frog_leg":3,"stat.pickup.minecraft.stone_sword":2,"stat.killEntity.stymphalianbird":2,"stat.mobKills":22,"stat.killEntity.quark:frog":1,"stat.mineBlock.minecraft.log":134,"stat.pickup.iceandfire.armor_gray_helmet":1,"stat.sneakTime":865,"stat.mineBlock.minecraft.stone":206,"stat.pickup.minecraft.chest":4}