{"stat.leaveGame":8,"stat.craftItem.minecraft.iron_axe":2,"stat.useItem.minecraft.planks":4,"stat.pickup.minecraft.porkchop":60,"stat.mineBlock.gravestone.gravestone":3,"stat.pickup.iceandfire.stymphalian_bird_feather":26,"stat.pickup.minecraft.sand":12,"stat.craftItem.minecraft.stone_axe":4,"stat.craftItem.minecraft.stone_sword":2,"stat.craftItem.minecraft.iron_shovel":1,"stat.mineBlock.minecraft.sand":4,"stat.mineBlock.futuremc.stripped_oak_log":225,"stat.pickup.quark.tallow":106,"stat.useItem.minecraft.iron_pickaxe":1986,"stat.craftItem.minecraft.wooden_pickaxe":1,"stat.mineBlock.quark.stone_andesite_bricks_stairs":18,"stat.useItem.minecraft.iron_shovel":250,"stat.pickup.minecraft.double_plant":2,"stat.drop.gravestone.death_info":1,"stat.pickup.spartanshields.shield_tower_wood":2,"stat.furnaceInteraction":81,"stat.craftItem.spartanweaponry.material":6,"stat.pickup.srparasites.lurecomponent1":2,"stat.pickup.minecraft.beef":3,"stat.pickup.minecraft.furnace":9,"stat.useItem.minecraft.trapdoor":3,"stat.pickup.futuremc.stripped_oak_log":225,"stat.pickup.minecraft.skull":1,"stat.useItem.minecraft.stone_stairs":6,"stat.killEntity.Horse":4,"stat.pickup.minecraft.stone_stairs":6,"stat.pickup.futuremc.lily_of_the_valley":2,"stat.deaths":3,"stat.pickup.minecraft.egg":3,"stat.playOneMinute":196742,"stat.craftItem.minecraft.iron_pickaxe":8,"stat.craftItem.minecraft.diamond_block":5,"stat.pickup.iceandfire.armor_gray_leggings":2,"stat.mineBlock.minecraft.tallgrass":21,"stat.chestOpened":261,"stat.pickup.minecraft.arrow":18,"stat.pickup.minecraft.gold_nugget":107,"stat.fallOneCm":34358,"stat.drop.minecraft.stone":1,"stat.drop.minecraft.stone_sword":1,"stat.crouchOneCm":15663,"stat.mineBlock.minecraft.chest":22,"stat.craftItem.minecraft.diamond":45,"stat.craftItem.minecraft.chest":66,"stat.craftItem.minecraft.iron_ingot":115,"stat.mineBlock.futuremc.lily_of_the_valley":1,"stat.craftingTableInteraction":69,"stat.pickup.iceandfire.silver_ore":4,"stat.pickup.minecraft.feather":6,"stat.useItem.minecraft.furnace":23,"stat.pickup.minecraft.dye":33,"stat.pickup.minecraft.planks":95,"stat.pickup.minecraft.wheat_seeds":12,"stat.pickup.futuremc.stonecutter":1,"stat.mineBlock.minecraft.gravel":103,"stat.useItem.minecraft.stone_pickaxe":2623,"stat.useItem.minecraft.stone_sword":20,"stat.mineBlock.minecraft.dirt":547,"stat.useItem.minecraft.torch":20,"stat.pickup.minecraft.iron_nugget":12,"stat.mineBlock.iceandfire.silver_ore":4,"stat.pickup.minecraft.crafting_table":11,"stat.useItem.minecraft.log":417,"stat.useItem.minecraft.cobblestone":561,"stat.craftItem.minecraft.crafting_table":4,"stat.useItem.minecraft.gravel":45,"stat.pickup.minecraft.log":692,"stat.pickup.minecraft.iron_pickaxe":2,"stat.pickup.usefulbackpacks.backpack":1,"stat.craftItem.usefulbackpacks.backpack":3,"stat.pickup.minecraft.chicken":7,"stat.pickup.minecraft.sapling":15,"stat.pickup.minecraft.apple":12,"stat.pickup.iceandfire.armor_gray_boots":2,"stat.craftItem.spartanshields.shield_tower_wood":2,"stat.mineBlock.iceandfire.goldpile":19,"stat.craftItem.minecraft.planks":577,"stat.pickup.quark.frog_leg":4,"stat.pickup.minecraft.stone_sword":3,"stat.useItem.minecraft.stonebrick":295,"stat.pickup.minecraft.book":1,"stat.mineBlock.minecraft.log":313,"stat.craftItem.spartanweaponry.halberd_iron":1,"stat.sneakTime":4851,"stat.pickup.minecraft.wool":29,"stat.useItem.futuremc.stripped_oak_log":199,"stat.pickup.minecraft.stone_slab":11,"stat.useItem.quark.stone_andesite_bricks_stairs":14,"stat.pickup.minecraft.chest":27,"stat.craftItem.minecraft.enchanting_table":1,"stat.pickup.minecraft.bone":16,"stat.useItem.minecraft.iron_axe":318,"stat.mineBlock.quark.variant_leaves":1,"stat.mineBlock.minecraft.cobblestone":57,"stat.pickup.minecraft.stone_pickaxe":7,"stat.pickup.minecraft.flint":12,"stat.entityKilledBy.Witch":2,"stat.swimOneCm":27849,"stat.climbOneCm":3220,"stat.useItem.minecraft.dirt":29,"stat.useItem.minecraft.stone_slab2":95,"stat.pickup.minecraft.bow":3,"stat.craftItem.minecraft.furnace":17,"stat.craftItem.minecraft.trapdoor":4,"stat.craftItem.minecraft.stone_pickaxe":20,"stat.useItem.spartanweaponry.lance_stone":136,"stat.craftItem.minecraft.cooked_beef":14,"stat.pickup.minecraft.cobblestone":4227,"stat.mineBlock.minecraft.clay":13,"stat.flyOneCm":191264,"stat.drop.quark.frog_leg":2,"stat.useItem.minecraft.cooked_beef":18,"stat.pickup.minecraft.redstone":71,"stat.mineBlock.minecraft.iron_ore":117,"stat.timeSinceDeath":85398,"stat.pickup.minecraft.mutton":10,"stat.pickup.minecraft.stonebrick":148,"stat.drop.spartanshields.shield_tower_wood":2,"stat.mineBlock.minecraft.coal_ore":191,"stat.pickup.minecraft.string":10,"stat.pickup.spartanweaponry.material":6,"stat.craftItem.minecraft.stone_slab2":0,"stat.craftItem.spartanweaponry.lance_stone":1,"stat.craftItem.quark.stone_andesite_bricks_stairs":8,"stat.killEntity.Squid":2,"stat.sprintOneCm":311617,"stat.mineBlock.minecraft.stone_slab":10,"stat.pickup.spartanshields.shield_tower_iron":1,"stat.craftItem.minecraft.stick":76,"stat.pickup.minecraft.bone_block":4,"stat.useItem.minecraft.stone_slab":11,"stat.craftItem.minecraft.stone":797,"stat.mineBlock.minecraft.diamond_ore":49,"stat.mineBlock.minecraft.crafting_table":8,"stat.mineBlock.quark.world_stone_bricks":2,"stat.mineBlock.minecraft.planks":2,"stat.drop":9,"stat.killEntity.Sheep":7,"stat.pickup.spartanweaponry.lance_stone":3,"stat.diveOneCm":56180,"stat.pickup.minecraft.gravel":183,"stat.pickup.quark.stone_andesite_bricks_stairs":18,"stat.pickup.minecraft.stone_axe":6,"stat.pickup.minecraft.obsidian":4,"stat.jump":1854,"stat.pickup.minecraft.coal":207,"stat.pickup.minecraft.iron_ingot":10,"stat.useItem.minecraft.stone_axe":218,"stat.craftItem.minecraft.torch":84,"stat.pickup.minecraft.dirt":580,"stat.pickup.minecraft.iron_ore":117,"stat.pickup.iceandfire.shiny_scales":2,"stat.mineBlock.minecraft.lapis_ore":7,"stat.mineBlock.minecraft.stone_stairs":6,"stat.damageTaken":2077,"stat.pickup.minecraft.leather":5,"stat.mineBlock.minecraft.torch":14,"stat.mineBlock.minecraft.furnace":9,"stat.useItem.minecraft.wooden_pickaxe":59,"stat.killEntity.hippocampus":1,"stat.mineBlock.minecraft.sapling":1,"stat.pickup.minecraft.reeds":21,"stat.damageDealt":6014,"stat.killEntity.Cow":2,"stat.useItem.minecraft.crafting_table":4,"stat.killEntity.Pig":10,"stat.craftItem.futuremc.stonecutter":1,"stat.craftItem.minecraft.stone_slab":12,"stat.walkOneCm":860377,"stat.useItem.minecraft.chest":79,"stat.pickup.minecraft.stick":51,"stat.pickup.minecraft.clay_ball":156,"stat.pickup.iceandfire.armor_gray_chestplate":2,"stat.pickup.minecraft.stone":35,"stat.pickup.minecraft.cooked_beef":56,"stat.killEntity.Skeleton":2,"stat.mineBlock.minecraft.stonebrick":147,"stat.killEntity.Chicken":3,"stat.drop.minecraft.crafting_table":1,"stat.killEntity.Spider":2,"stat.mineBlock.futuremc.stonecutter":1,"stat.killEntity.stymphalianbird":2,"stat.pickup.quark.world_stone_bricks":2,"stat.mobKills":37,"stat.killEntity.quark:frog":1,"stat.craftItem.minecraft.shears":1,"stat.pickup.minecraft.diamond":49,"stat.pickup.iceandfire.armor_gray_helmet":2,"stat.pickup.minecraft.torch":35,"stat.craftItem.quark.world_stone_bricks":32,"stat.mineBlock.minecraft.redstone_ore":19,"stat.drop.minecraft.stone_axe":1,"stat.mineBlock.minecraft.stone":4026,"stat.craftItem.spartanshields.shield_tower_iron":1}