{"stat.walkOneCm":4262,"stat.pickup.cgm.grenade_launcher":1,"stat.leaveGame":4,"stat.drop.minecraft.dirt":2,"stat.drop.cgm.grenade_launcher":1,"stat.useItem.securitycraft.sentry":1,"stat.flyOneCm":13033,"stat.drop":3,"stat.jump":14,"stat.playOneMinute":4183,"stat.useItem.spartanweaponry.crossbow_diamond":3,"stat.sneakTime":21,"stat.timeSinceDeath":4183,"stat.pickup.minecraft.snowball":1,"stat.pickup.minecraft.dirt":5,"stat.sprintOneCm":1540,"stat.mineBlock.minecraft.dirt":1,"stat.useItem.minecraft.stone_slab2":14,"stat.useItem.securitycraft.camera_monitor":4}